品牌(中文),品牌(英文),品类,类别,,,,风格,,档次,
,Artemis,保健品,,,,,,,,
,GNC,保健品,,,,,,,,
,OSIM,保健品,,,,,,,,
宝明堂,,保健品,,,,,,,,
采芝林药业连锁,,保健品,,,,,,,,
豪贤医药保健商店,,保健品,,,,,,,,
金康药房,,保健品,,,,,,,,
康美人生,,保健品,,,,,,,,
尚栈燕窝虫草专门店,,保健品,,,,,,,,
新行家,,保健品,,,,,,,,
一致药店,,保健品,,,,,,,,
和米堂,,餐饮,东南亚菜,,,,,,,中档
花之宴,,餐饮,日本料理,,,,,,,中档
马拉爸爸,,餐饮,东南亚菜,,,,,,,中档
上井精致,,餐饮,日本料理,,,,,,,中档
尚品宫,,餐饮,韩国菜,,,,,,,中档
泰满冠,,餐饮,东南亚菜,,,,,,,中档
新罗宝,,餐饮,韩国菜,,,,,,,中档
隐竹,,餐饮,日本料理,,,,,,,中档
比利心思,Bel-zims,餐饮,风味小吃,,,,,,,中档
,Cafe Bene,餐饮,风味小吃,咖啡馆,,,,,,中档
,Candy,餐饮,风味小吃,,,,,,,中档
歌帝梵,GODIVA,餐饮,风味小吃,,,,,,,高档
,Hey YO!!,餐饮,风味小吃,,,,,,,大众
,ILLY,餐饮,风味小吃,咖啡馆,,,,,,高档
法国马卡龙,macaronhome,餐饮,风味小吃,,,,,,,高档
布歌东京,mvuke tokyo,餐饮,风味小吃,,,,,,,大众
诺好事,Neuhaus,餐饮,风味小吃,,,,,,,高档
爱盛面包店,,餐饮,面包甜品,,,,,,,大众
巴黎天使烘培公馆,,餐饮,面包甜品,,,,,,,高档
芭克闪冰,,餐饮,面包甜品,,,,,,,中档
不出二品,,餐饮,面包甜品,,,,,,,大众
徹思叔叔,,餐饮,面包甜品,,,,,,,大众
可颂坊,,餐饮,面包甜品,,,,,,,大众
栗品香,,餐饮,风味小吃,,,,,,,中档
莲香楼饼屋,,餐饮,风味小吃,,,,,,,中档
琳德烘焙,,餐饮,面包甜品,,,,,,,中档
美珍香,,餐饮,风味小吃,,,,,,,中档
面包新语,,餐饮,面包甜品,,,,,,,大众
面屋,,餐饮,面包甜品,,,,,,,大众
摩提工房,,餐饮,面包甜品,,,,,,,中档
荣华西饼屋,,餐饮,面包甜品,,,,,,,中档
太平洋咖啡,,餐饮,咖啡馆,,,,,,,中档
糖果研究室,,餐饮,面包甜品,,,,,,,中档
甜蜜转身,,餐饮,面包甜品,,,,,,,高档
甜兮兮,,餐饮,面包甜品,,,,,,,中档
西树泡芙,,餐饮,面包甜品,,,,,,,大众
仙芋传奇,,餐饮,面包甜品,,,,,,,大众
鲜语,,餐饮,面包甜品,,,,,,,中档
星奇异水果厨房,,餐饮,面包甜品,,,,,,,中档
伊藤家,,餐饮,面包甜品,,,,,,,大众
芋观园,,餐饮,面包甜品,,,,,,,大众
猪头&鱼,,餐饮,面包甜品,,,,,,,中档
,COSTA,餐饮,咖啡馆,,,,,,,中档
爱果果,,餐饮,面包甜品,,,,,,,大众
,Bistrow,餐饮,西餐,,,,西餐正餐,,,高档
,cotton’s,餐饮,西餐,,,,西餐正餐,,,高档
,Deli&Leisure,餐饮,西餐,咖啡馆,,,西餐正餐,,,中档
拉蒂娜,latina,餐饮,西餐,,,,西餐正餐,,,高档
玛尚诺,Pizza Marzano,餐饮,西餐,,,,西餐正餐,,,中档
极食餐厅,THE URBAN HARVEST,餐饮,西餐,,,,西餐正餐,,,高档
沃歌斯,wagas,餐饮,西餐,,,,西餐正餐,,,高档
代官山,,餐饮,西餐,,,,西餐正餐,,,高档
锦逸,,餐饮,西餐,,,,西餐正餐,,,高档
卡撒浓汤,,餐饮,西餐,,,,西餐正餐,,,中档
乐意坊,,餐饮,西餐,,,,西餐正餐,,,高档
仙踪林,,餐饮,面包甜品,,,,,,,中档
香溢培客,,餐饮,面包甜品,,,,,,,中档
新元素,,餐饮,西餐,,,,西餐正餐,,,中档
意粉屋,,餐饮,西餐,,,,西餐正餐,,,中档
竹风台湾风味餐厅,,餐饮,西餐,,,,西餐正餐,,,中档
28煮意,,餐饮,中餐,,,,粤菜,,,中档
,Jade Garden,餐饮,中餐,,,,粤菜,,,高档
宝山万达店,,餐饮,中餐,,,,火锅,,,高档
川菜鱼,,餐饮,中餐,,,,川菜,,,中档
大家乐,,餐饮,中餐,,,,中式快餐,,,大众
大碗便丼,,餐饮,中餐,,,,中式快餐,,,大众
稻香,,餐饮,中餐,,,,粤菜,,,中档
鼎泰丰,,餐饮,中餐,,,,粤菜,,,中档
东方既白,,餐饮,中餐,,,,粤菜,,,中档
东西烧,,餐饮,中餐,,,,烧烤,,,中档
港丽餐厅,,餐饮,中餐,,,,中式快餐,,,中档
黄记煌三汁焖锅,,餐饮,中餐,,,,江浙,,,中档
辉记,,餐饮,中餐,,,,粤菜,,,高档
家有好面,,餐饮,中餐,,,,江浙,,,中档
金草帽韩式自助烤肉,,餐饮,中餐,,,,烧烤,,,中档
津粉世家,,餐饮,中餐,,,,中式快餐,,,大众
辣尚瘾,,餐饮,中餐,,,,川菜,,,中档
老成都,,餐饮,中餐,,,,川菜,,,中档
老乡村,,餐饮,中餐,,,,湘菜,,,中档
梁记,,餐饮,中餐,,,,中式快餐,,,大众
鹭鹭小馆,,餐饮,中餐,,,,江浙,,,中档
罗节子肥肠粉,,餐饮,中餐,,,,粤菜,,,大众
麻辣派对,,餐饮,中餐,,,,火锅,,,中档
麻辣香锅,,餐饮,中餐,,,,火锅,,,中档
麻田会,,餐饮,中餐,,,,火锅,,,中档
南小馆,,餐饮,中餐,,,,粤菜,,,大众
瓯之味,,餐饮,中餐,,,,中式快餐,,,中档
千味涮,,餐饮,中餐,,,,火锅,,,中档
俏江南,,餐饮,中餐,,,,粤菜,,,高档
善苜村,,餐饮,中餐,,,,火锅,,,中档
膳缘素汇,,餐饮,中餐,,,,江浙,,,中档
上海老站,,餐饮,中餐,,,,江浙,,,高档
上韩馆,,餐饮,中餐,,,,西北,,,中档
尚庆林自助美食超市,,餐饮,中餐,,,,火锅,,,中档
盛宴自助餐厅,,餐饮,中餐,,,,火锅,,,高档
薯三多川菜,,餐饮,中餐,,,,川菜,,,中档
陶源酒家,,餐饮,中餐,,,,粤菜,,,高档
团团锅麻辣香锅,,餐饮,中餐,,,,火锅,,,中档
王氏捞吧,,餐饮,中餐,,,,火锅,,,中档
望湘园,,餐饮,中餐,,,,湘菜,,,中档
味食尚,,餐饮,中餐,,,,江浙,,,中档
西龙纤味,,餐饮,中餐,,,,江浙,,,中档
湘飘飘麻辣香锅,,餐饮,中餐,,,,火锅,,,中档
小辉哥火锅,,餐饮,中餐,,,,火锅,,,中档
宴江南,,餐饮,中餐,,,,粤菜,,,中档
一菜,,餐饮,中餐,,,,粤菜,,,中档
一茶一坐,,餐饮,中餐,,,,粤菜,,,中档
一品大虾,,餐饮,中餐,,,,江浙,,,中档
鱼满塘,,餐饮,中餐,,,,湘菜,,,高档
周记冒菜,,餐饮,中餐,,,,湘菜,,,中档
尊尚食府班敦会,,餐饮,中餐,,,,粤菜,,,高档
苹果商店,AppleShop,超市,,,,,,,,
,Ole精品超市,超市,,,,,,,,
华润万家,VANGUARD,超市,,,,,,,,
屈臣氏,Watsons,超市,,,,,,,,
万宁,,超市,,,,,,,,
永旺,,超市,,,,,,,,
尊尚百货,,超市,,,,,,,,
鳄鱼恤,crocodile,服饰,男装,,,,运动休闲,,,大众
鳄鱼,LACOSTE,服饰,男装,,,,商务,,,大众
三彩,3COLOUR,服装,女装,,,,潮流时尚,,,中档
,5cm,服装,男装,女装,,,潮流时尚,运动休闲,,中档
阿桑娜,a02,服装,女装,,,,运动休闲,潮流时尚,,中档
,ABLE JEANS,服装,男装,女装,,,潮流时尚,运动休闲,,高档
阿迪达斯,adidas,服装,男装,女装,内衣配饰,,运动休闲,,,中档
,AF,服装,男装,女装,,,潮流时尚,运动休闲,,中档
,Agnes,服装,男装,女装,,,成熟优雅,,,高档
,AGNONA,服装,女装,,,,成熟优雅,,,高档
埃迪玛,aidima,服装,内衣配饰,,,,成熟优雅,,,中档
,aigle,服装,男装,女装,,,潮流时尚,运动休闲,,高档
爱慕,Aimer,服装,内衣配饰,母婴,,,成熟优雅,,大众,中档
艾奈儿,Allaire,服装,女装,,,,成熟优雅,,,高档
安斐儿,amphi,服装,内衣配饰,,,,成熟优雅,,,中档
安踏,anta,服装,男装,女装,儿童,,运动休闲,,,大众
奥里托那,AOLTNA,服装,男装,,,,成熟优雅,,,中档
雅格狮丹,aquascuturm,服装,男装,女装,,,成熟优雅,,,高档
阿玛尼,armani,服装,男装,女装,儿童,,潮流时尚,运动休闲,高档,奢侈
,arrtco,服装,女装,男装,,,潮流时尚,,,中档
雅迪斯,ARTIST,服装,女装,,,,成熟优雅,,,高档
人尽皆知,as know as,服装,女装,,,,潮流时尚,,,中档
,ATSUGR,服装,内衣配饰,,,,潮流时尚,,,中档
阿桑娜,AZONA,服装,女装,内衣配饰,,成熟优雅,潮流时尚,,,中档
贝斯琦 ,B.SIQI,服装,女装,,,,成熟优雅,,,中档
芭蒂娜,BADINA,服装,女装,,,,潮流时尚,,,中档
碧艾尔,BAIR evolution,服装,女装,,,,潮流时尚,,,中档
百丝,baisi,服装,女装,,,,潮流时尚,,,中档
,Baker,服装,女装,,,,成熟优雅,,,高档
巴黎世家,Balenciaga,服装,男装,女装,,,成熟优雅,,,奢侈
班尼路,Baleno,服装,男装,女装,,,运动休闲,,,大众
百家好,BASIC HOUSE,服装,女装,男装,,,潮流时尚,运动休闲,,中档
,bauhaus,服装,男装,女装,,,潮流时尚,,,中档
粉蓝,BBLLUUEE,服装,女装,,,,潮流时尚,,,中档
碧高,bcko,服装,女装,,,,潮流时尚,,,中档
滨波,bean pole,服装,男装,女装,,,韩式,潮流时尚,,高档
,beartwo,服装,女装,,,,潮流时尚,,,中档
贝琪,beissy,服装,女装,,,,潮流时尚,,,中档
贝拉维拉,Bellvilles,服装,女装,,,,潮流时尚,,,中档
奔趣,BENCHBODY,服装,内衣配饰,,,,成熟优雅,,,大众
百图,betu,服装,女装,,,,潮流时尚,,,中档
,body pops,服装,内衣配饰,,,,成熟优雅,,,高档
,Body.ing,服装,女装,,,,运动休闲,潮流时尚,,中档
堡尼,BONI,服装,男装,,,,商务,,,高档
葆露丝,BONLUXE,服装,内衣配饰,母婴,,,成熟优雅,,,中档
,BONPOINT,服装,儿童,,,,潮流时尚,,,高档
博斯里拉,bosilila,服装,男装,女装,,,潮流时尚,,,高档
,BOSS,服装,男装,,,,商务,,,高档
堡狮龙,bossini,服装,男装,女装,童装,,运动休闲,,,中档
博斯,BOSSsunwen,服装,男装,,,,商务,,,奢侈
葆蝶家,Bottega Veneta,服装,男装,女装,,,成熟优雅,,,高档
,Bread N Butter,服装,女装,,,,成熟优雅,,,高档
布里奥尼,BRIONI,服装,男装,,,,成熟优雅,商务,,奢侈
布克兄弟,BROOKS BROTHERS,服装,男装,,,,商务,,,高档
,BUOU BUOU,服装,女装,,,,潮流时尚,成熟优雅,,高档
卡宾,CABBEEN,服装,男装,,,,潮流时尚,,中档,高档
,CALLIFTO,服装,男装,,,,商务,,,高档
,Calvin,服装,内衣配饰,男装,女装,,成熟优雅,,,高档
,Calvin Klein Jeans,服装,男装,女装,,,运动休闲,潮流时尚,,高档
,Calvin Klein Underwear,服装,内衣配饰,,,,成熟优雅,,,高档
骆驼,CAMEL,服装,男装,女装,,,成熟优雅,,,中档
,CAMICISSIMA,服装,男装,,,,商务,,,中档
,CANALI,服装,男装,,,,商务,,,奢侈
,CANTARELLI,服装,男装,,,,成熟优雅,商务,,奢侈
卡丹迪诺,Cardeendino,服装,男装,,,,成熟优雅,,,中档
歌德克依,cardkai,服装,男装,女装,,,潮流时尚,商务,中档,高档
卡帝乐,CARTELO,服装,男装,,,,成熟优雅,,,大众
卡地亚,Cartier,服装,男装,女装,,,潮流时尚,,,奢侈
卡纷,CARVEN,服装,女装,,,,潮流时尚,,,高档
,CAT,服装,男装,,,,潮流时尚,,,中档
,CELINE,服装,男装,女装,,,潮流时尚,,,奢侈
卓诺迪,CERRUTI 1881,服装,男装,,,,商务,成熟优雅,,中档
巧帛,CHABER,服装,女装,,,,成熟优雅,,,中档
香奈儿,CHANEL,服装,女装,,,,成熟优雅,潮流时尚,,奢侈
,CHLOE,服装,女装,,,,潮流时尚,,,奢侈
,CK,服装,女装,男装,内衣配饰,,潮流时尚,,,高档
葛来娣,cladith,服装,女装,,,,潮流时尚,,,高档
奥索卡,CMDI,服装,男装,,,,运动休闲,,,中档
蔻驰,COACH,服装,女装,男装,,,成熟优雅,,,奢侈
可姿伊,COCCI,服装,女装,,,,潮流时尚,,,中档
,cocolulu,服装,男装,女装,内衣配饰,,运动休闲,,,中档
可可尼,COCOON,服装,女装,,,,潮流时尚,成熟优雅,中档,高档
哥伦比亚,Columbia,服装,男装,女装,,,运动休闲,,,高档
珂罗蒂雅,CORDIER,服装,女装,,,,成熟优雅,,,中档
速写,croquis,服装,男装,,,,运动休闲,潮流时尚,,大众
古驰,cucci,服装,男装,女装,内衣配饰,,潮流时尚,,,奢侈
卡秀,Cushow,服装,女装,,,,成熟优雅,,,中档
黛玛,daima,服装,内衣配饰,,,,成熟优雅,,,大众
,daks,服装,男装,女装,,,成熟优雅,,,奢侈
丹弗瑞,DANFURUI,服装,男装,,,,运动休闲,,,中档
大卫杜夫,DAVIDOFF,服装,内衣配饰,,,,潮流时尚,,,高档
,DAZZIE,服装,女装,,,,成熟优雅,,,中档
,DEVIL NUT,服装,男装,女装,,,运动休闲,,,中档
,Diamond DAZZLE,服装,女装,,,,成熟优雅,,,高档
,Diane von Furstenberg,服装,女装,,,,成熟优雅,,,奢侈
迪奥,dior,服装,男装,女装,,,潮流时尚,,,奢侈
迪士尼,Disney,服装,男装,女装,,,运动休闲,,,中档
唐可娜儿,DKNY,服装,男装,女装,,,潮流时尚,,,奢侈
杜嘉班纳,DOLCE & GABBANA,服装,内衣配饰,男装,女装,,潮流时尚,,,奢侈
唐纳·卡兰,DONNA KARAN,服装,内衣配饰,男装,女装,,潮流时尚,,,奢侈
杜蕾娜,DORANER,服装,女装,,,,成熟优雅,,,高档
登喜路,Dunhill,服装,男装,女装,,,潮流时尚,,,奢侈
敦奴,dunnu,服装,女装,,,,潮流时尚,,,中档
伊可爱,E&YOU,服装,女装,,,,潮流时尚,,,中档
衣本色,Ebase,服装,男装,女装,,,运动休闲,成熟优雅,大众,中档
埃布林,Eblin,服装,内衣配饰,,,,成熟优雅,,,中档
衣本色,edc,服装,女装,,,,运动休闲,潮流时尚,,中档
伊芙丽,eifini,服装,女装,,,,潮流时尚,成熟优雅,,中档
,EIN,服装,女装,,,,潮流时尚,,,高档
衣恋,ELAND,服装,女装,男装,童装,,潮流时尚,成熟优雅,中档,高档
EP雅莹,Elegant.Prosper,服装,女装,,,,潮流时尚,,,高档
歌力思,ELLASSAY,服装,女装,,,,潮流时尚,,高档,奢侈
安莉芳,EMBRYFORN,服装,内衣配饰,,,,成熟优雅,,,大众
安普里奥·阿玛尼,Emporio Armani,服装,男装,,,,潮流时尚,,,中档
依妙,ému,服装,女装,,,,潮流时尚,,,中档
蒽碧,ENEBY,服装,女装,,,,运动休闲,,,中档
麦凯尼德,eni:d,服装,女装,韩式,,,成熟优雅,,,中档
,EQ:IQ,服装,女装,,,,潮流时尚,,,高档
,ES,服装,女装,,,,潮流时尚,,,中档
思捷,ESPRIT,服装,女装,男装,童装,内衣配饰,运动休闲,,,中档
艾格,etam,服装,女装,内衣配饰,,,成熟优雅,潮流时尚,中档,高档
伊华欧秀,eva ouxiu,服装,女装,,,,潮流时尚,,,中档
依文,EVE de UOMO,服装,男装,,,,商务,潮流时尚,,高档
,EVISU,服装,男装,女装,,,运动休闲,潮流时尚,,高档
,f8派,服装,女装,,,,商务,,,中档
菲杰,FA:GE,服装,女装,,,,潮流时尚,,,中档
淑女屋,fairyfair,服装,女装,,,,潮流时尚,,,大众
芬迪诗,Fandecie,服装,内衣配饰,,,,成熟优雅,,,中档
菲罗,FERAUD,服装,女装,,,,潮流时尚,,,奢侈
富贵鸟,FGN,服装,男装,,,,商务,,,大众
5+,five plus,服装,女装,,,,运动休闲,潮流时尚,,中档
,"forever,new",服装,女装,,,,潮流时尚,,,中档
,Fornafina,服装,女装,,,,潮流时尚,,,中档
富铤,FORTEI,服装,男装,女装,,,潮流时尚,,,高档
,FRAY I.D.LILYbrowm,服装,女装,,,,潮流时尚,,,高档
佛莱德,FRED PERRY,服装,男装,,,,成熟优雅,,,高档
,FROGNIEZILA,服装,男装,,,,商务,,,中档
福芬,Fufen,服装,女装,,,,潮流时尚,,,高档
杰特曼,G.T.MAN,服装,男装,,,,商务,,,大众
,G2000,服装,男装,女装,,,商务,,,中档
嘎嘎,gaga,服装,女装,,,,潮流时尚,,,中档
,GANT,服装,男装,女装,童装,,成熟优雅,,,中档
吉诺里兹,GIMO RENZI,服装,男装,,,,商务,,,高档
佐丹奴,giordano,服装,男装,女装,,,潮流时尚,,,中档
乔治阿玛尼,GIORGIO ARMANI,服装,男装,女装,,,潮流时尚,,,奢侈
玖姿,Giorzio,服装,女装,,,,潮流时尚,,,中档
,Girl,服装,女装,,,,潮流时尚,,,中档
格子廊,girlline,服装,女装,,,,潮流时尚,,,高档
纪梵希,Givenchy,服装,男装,女装,,,潮流时尚,,,奢侈
博鲨,good luck,服装,男装,,,,商务,,,中档
,GSTAR,服装,男装,女装,,,运动休闲,潮流时尚,,高档
,G-STAR RAW,服装,男装,女装,,,运动休闲,潮流时尚,,高档
古驰,Gucci,服装,男装,女装,,,成熟优雅,潮流时尚,,奢侈
盖尔斯,GUESS,服装,女装,男装,,,潮流时尚,,,中档
,GXG,服装,男装,,,,商务,,,中档
,H&M,服装,男装,女装,童装,,潮流时尚,,,大众
欢腾,HANG TEN,服装,男装,,,,潮流时尚,,,大众
哈吉斯,HAZZYS,服装,男装,女装,,,韩式,,,高档
爱马仕,HERMES,服装,男装,女装,,,成熟优雅,,,奢侈
,HILFIGER DENIM,服装,男装,,,,潮流时尚,,,中档
汉崇,HIM uomo,服装,男装,,,,潮流时尚,,,大众
,HONEYS,服装,女装,,,,潮流时尚,,,中档
,HOPESHOW,服装,女装,,,,成熟优雅,,,中档
热风,Hotwind,服装,男装,女装,,,潮流时尚,,,中档
秀蓓儿,howbayou,服装,女装,,,,潮流时尚,,,中档
,HUGO,服装,男装,,,,成熟优雅,,,高档
,hummel,服装,男装,女装,,,运动休闲,,,中档
,I.P.ZONE,服装,男装,女装,,,中式,潮流时尚,,大众
,i.s.o,服装,男装,女装,,,运动休闲,潮流时尚,,中档
,i.t,服装,男装,女装,,,潮流时尚,,,中档
,ICB,服装,女装,,,,潮流时尚,成熟优雅,,高档
,ICICLE,服装,女装,,,,潮流时尚,,,高档
,IIMK,服装,女装,,,,潮流时尚,,,中档
爱美丽,imi's,服装,内衣配饰,,,,成熟优雅,,,大众
,INDIVI,服装,女装,,,,潮流时尚,,,中档
,initial,服装,女装,,,,潮流时尚,,,中档
,insatin,服装,女装,,,,潮流时尚,韩式,,高档
恩裳,INSUN,服装,女装,,,,潮流时尚,,,高档
伊丝芬,ISYFEN,服装,内衣配饰,,,,运动休闲,,,中档
伊苏,IZZUE,服装,男装,女装,,,潮流时尚,,,高档
杰克琼斯,JACK & JONES,服装,男装,,,,潮流时尚,运动休闲,中档,高档
占姆士,JAMES KINGDOM,服装,男装,,,,商务,,,高档
,JAVECE,服装,男装,女装,,,商务,成熟优雅,,高档
,JC,服装,女装,,,,潮流时尚,,,中档
娇鼎,JDING,服装,女装,,,,潮流时尚,,,中档
,JEAN PAUL GAULTIER,服装,女装,,,,潮流时尚,,,高档
,JEEP,服装,男装,女装,,,运动休闲,,,大众
吉芬,JEFEN,服装,女装,,,,潮流时尚,,,高档
,jessica,服装,女装,,,,潮流时尚,,,高档
,Jessie,服装,女装,,,,潮流时尚,,,高档
嘉莉诗,jialishi,服装,内衣配饰,,,,成熟优雅,,,大众
江南布衣,JNBY,服装,女装,,,,潮流时尚,,,中档
,JOCKEY,服装,内衣配饰,,,,成熟优雅,,,中档
九玫王,Joeone,服装,男装,,,,商务,运动休闲,,中档
,JORYA,服装,女装,,,,潮流时尚,成熟优雅,,高档
,julyfive,服装,女装,,,,潮流时尚,,,中档
,K.S.BERE,服装,女装,,,,潮流时尚,,,中档
卡尔丹顿,kaltendin,服装,男装,,,,商务,,,中档
卡帕,kappa,服装,男装,女装,,,运动休闲,,大众,高档
,KENZO,服装,男装,女装,童装,,运动休闲,潮流时尚,,高档
夏克露丝,KINGKUNG,服装,女装,,,,潮流时尚,,,中档
接吻猫,KISS CAT,服装,女装,,,,运动休闲,潮流时尚,,中档
,KITON,服装,男装,,,,商务,,,奢侈
,KLEINPLUS+,服装,女装,,,,潮流时尚,,,中档
蔻凯,KOOKAI,服装,女装,,,,潮流时尚,,,高档
柯利亚诺,KOREANO,服装,女装,,,,潮流时尚,,,中档
纳帕佳,La pargay,服装,女装,,,,潮流时尚,,,中档
兰卡文,LACLOVER,服装,内衣配饰,,,,潮流时尚,,,高档
拉科斯特,Lacoste,服装,男装,,,,运动休闲,,,高档
兰缪,LAMIU,服装,女装,内衣配饰,,,潮流时尚,,,大众
兰毕安,LANBNA,服装,女装,,,,潮流时尚,,,中档
朗姿,lancy,服装,女装,,,,潮流时尚,,,中档
,LANDI,服装,女装,,,,成熟优雅,,,高档
靓美婷,LANYOUTY,服装,女装,,,,成熟优雅,,,中档
拉维妮娅,LAVINIA,服装,女装,,,,成熟优雅,,,中档
莱克斯顿,LAXDN,服装,男装,女装,,,商务,,,大众
李,LEE,服装,男装,女装,,,运动休闲,,,高档
,Less,服装,女装,,,,成熟优雅,,,高档
李维斯,Levi’s,服装,男装,女装,,,潮流时尚,,,中档
,lily,服装,女装,,,,成熟优雅,,,中档
莱茵,Lime flare,服装,女装,,,,成熟优雅,,,高档
犁人坊,LIREN,服装,女装,,,,潮流时尚,,,中档
龙笛,LONDEE,服装,女装,,,,中式,,,高档
伦敦雾,London Fog,服装,男装,,,,成熟优雅,,,中档
诺悠翩雅,LORO PIANA,服装,女装,,,,成熟优雅,,,奢侈
罗茜奥,LOZIO,服装,男装,,,,成熟优雅,,,中档
,LRGERFELD,服装,男装,,,,商务,,,高档
媚丽一生,MALIYISI,服装,女装,,,,潮流时尚,,,中档
曼妮芬,Maniform,服装,内衣配饰,,,,成熟优雅,,,中档
马克·雅可布之马克,MARC BY MARC JACOBS,服装,男装,女装,童装,,潮流时尚,,,高档
玛亚诺,MARIANO,服装,男装,,,,成熟优雅,,,中档
,Marina Rinaldi,服装,女装,,,,成熟优雅,,,高档
曼妮莎,MARISA,服装,女装,,,,成熟优雅,,,中档
玛丝菲尔,Marisfrolg,服装,女装,,,,潮流时尚,,,高档
马克华菲,Mark Fairwhale,服装,男装,女装,,,中式,,,中档
,maryling,服装,女装,,,,成熟优雅,,,高档
,Massimo dutti,服装,男装,女装,童装,,潮流时尚,,,中档
,Max&Co,服装,女装,内衣配饰,,,成熟优雅,,,高档
麦丝玛拉,Max Mara,服装,男装,女装,,,运动休闲,潮流时尚,,奢侈
米茜尔,MEACHEAL,服装,女装,,,,潮流时尚,,,中档
玫而美,meiermei,服装,女装,,,,中式,,,中档
玛斯米亚,miamia,服装,女装,,,,潮流时尚,,,高档
曼娅奴,migaino,服装,女装,,,,潮流时尚,,,中档
谜底,miidii,服装,女装,,,,潮流时尚,,,中档
,mikibana,服装,女装,,,,潮流时尚,,,高档
米兰度 ,milandon,服装,女装,,,,成熟优雅,,,高档
心桥,mind bridge,服装,男装,女装,,,潮流时尚,,,中档
,MISS SIXTY,服装,男装,女装,,,潮流时尚,,,高档
,missk,服装,女装,,,,潮流时尚,,,中档
,MISSONI,服装,女装,,,,潮流时尚,,,奢侈
美雅高,MIYAKO,服装,女装,,,,潮流时尚,,,中档
美津浓,Mizuno,服装,男装,女装,,,运动休闲,,,中档
MONGO,MNG,服装,女装,内衣配饰,,,潮流时尚,,,高档
曼黛玛莲,Mode Marie,服装,内衣配饰,,,,成熟优雅,,,中档
慕诗,moiselle,服装,女装,,,,潮流时尚,,,高档
沐兰,moreline,服装,女装,,,,成熟优雅,,,高档
摩根,morgan,服装,女装,,,,成熟优雅,,,高档
莫斯奇诺 ,moschino,服装,男装,女装,,,运动休闲,,,高档
摩西,Moussy,服装,男装,女装,,,潮流时尚,,,中档
,mudd,服装,男装,女装,,,潮流时尚,,,中档
马天奴,MY TENO,服装,女装,,,,潮流时尚,,,中档
纳巴罗,NABARRO,服装,男装,,,,商务,,,高档
娜尔思,NAERSI,服装,女装,,,,潮流时尚,,,中档
,NANCYK,服装,女装,,,,潮流时尚,,,大众
纳琪,nannar,服装,女装,,,,成熟优雅,,,高档
诺帝卡,NAUTICA,服装,男装,女装,,,运动休闲,,,中档
纳纹,NAWain,服装,女装,,,,潮流时尚,,,中档
耐克,nike,服装,男装,女装,,,运动休闲,,,中档
耐克,NIKE 360°,服装,男装,女装,,,运动休闲,,,中档
玖熙,NINE WEST,服装,男装,女装,,,潮流时尚,,,中档
尼诺里拉,ninoriva,服装,男装,,,,商务,,,高档
诺琪,nochi,服装,女装,,,,成熟优雅,,,中档
夜曲,NOCTURNE,服装,女装,,,,成熟优雅,,,高档
诺丁山,Notting Hill,服装,男装,,,,商务,,,高档
欧时力,ochirly,服装,男装,女装,,,潮流时尚,,,中档
,Ofuon,服装,女装,,,,潮流时尚,,,中档
欧米茄,Omega,服装,男装,女装,,,潮流时尚,,,奢侈
,ONLY,服装,女装,,,,潮流时尚,,,中档
,OR,服装,男装,女装,,,运动休闲,,,高档
欧迪芬,ORDIFEN,服装,内衣配饰,,,,成熟优雅,,,大众
安瑞井,ORIGIN,服装,女装,,,,潮流时尚,,,中档
伯爵莱利,paada,服装,男装,,,,成熟优雅,,,奢侈
帕拉丁,Palladium,服装,男装,女装,,,运动休闲,,,中档
帕罗,PALUOPO,服装,女装,,,,潮流时尚,,,高档
巴塔哥尼亚,patagonia,服装,男装,女装,,,运动休闲,,,高档
大嘴猴,Paul Homme,服装,儿童,男装,女装,,潮流时尚,,,中档
,PAUL&SHARK,服装,男装,,,,商务,,,高档
菲迪雅丝,Phidias,服装,女装,,,,潮流时尚,,,中档
比登堡,pidebo,服装,男装,,,,商务,,,高档
皮尔卡丹,Pierre Cardin,服装,男装,,,,商务,,,高档
,pink,服装,内衣配饰,,,,潮流时尚,,,高档
粉红玛丽,Pink Mary ,服装,女装,,,,潮流时尚,,,中档
,PINKO,服装,女装,,,,成熟优雅,,,高档
普劳瑞,PLORY,服装,男装,,,,潮流时尚,,,高档
宝姿,ports,服装,男装,女装,,,潮流时尚,,中档,高档
普拉达,PRADA,服装,男装,女装,,,潮流时尚,,,奢侈
,PRICH,服装,女装,,,,成熟优雅,,,高档
日驰尼,richini,服装,男装,,,,潮流时尚,,,中档
,rime,服装,内衣配饰,,,,成熟优雅,,,中档
莱姿,rojrover,服装,女装,,,,潮流时尚,,,中档
罗马世家,ROMASTER,服装,男装,,,,成熟优雅,,,中档
,ROXY,服装,男装,女装,,,成熟优雅,,,高档
璐帕莎,RUPSAPSA,服装,女装,,,,成熟优雅,,,高档
生活几何,S&K,服装,男装,女装,,,运动休闲,,,大众
圣大保罗,S.B.POLO,服装,男装,女装,,,成熟优雅,,,高档
茜茜薇恩,S.SVIVIAN,服装,女装,,,,成熟优雅,,,中档
圣轩尼,SAINTSANNI,服装,中老年,,,,成熟优雅,,,中档
圣吉卡丹,sancardy,服装,男装,,,,潮流时尚,,,中档
萨侬,sanong,服装,女装,,,,潮流时尚,,,高档
,SCAT,服装,女装,,,,潮流时尚,,,中档
舒雅,SCHIESSER,服装,内衣配饰,,,,运动休闲,,,中档
德国舒雅,Schiesser,服装,内衣配饰,,,,成熟优雅,,,中档
,SCOFIELD,服装,男装,女装,,,成熟优雅,,,高档
季候风,SEASON WIND,服装,女装,,,,潮流时尚,,,高档
赛瑞娜,SEEBSPRINA,服装,女装,,,,潮流时尚,,,中档
思莱德,SELECTED,服装,男装,,,,商务,,,中档
舒朗,show long,服装,女装,,,,成熟优雅,,,高档
轩妮娅,shuniye,服装,女装,,,,潮流时尚,,,中档
老船长,Sina Cova,服装,男装,女装,,,潮流时尚,,,高档
斯琴,SIQIN,服装,女装,,,,运动休闲,,,中档
裙皇公主,skirtqueen,服装,女装,,,,成熟优雅,,,中档
萨里奥托,sliaot,服装,男装,,,,商务,,,高档
,Snidel,服装,女装,,,,潮流时尚,,,高档
,SODA,服装,男装,女装,,,潮流时尚,,,中档
圣雪绒,ST.EDENW,服装,男装,女装,,,潮流时尚,,,中档
,STCO,服装,男装,,,,运动休闲,,,中档
古色,SUSSI,服装,女装,,,,潮流时尚,,,高档
,T100 KIDS,服装,儿童,,,,潮流时尚,,,中档
维尼熊,TEENIE WEENIE,服装,男装,女装,,,成熟优雅,,,中档
替莫,temme,服装,女装,,,,成熟优雅,,,中档
北面,The North Face,服装,男装,女装,,,潮流时尚,,,高档
,THEME,服装,女装,,,,成熟优雅,,,中档
希尔瑞,theory,服装,女装,,,,潮流时尚,,,高档
,THOMAS PINK,服装,男装,女装,,,商务,,,中档
婷美,timier,服装,内衣配饰,,,,运动休闲,,,中档
汤米·希尔费格,TOMMY HILFIGER,服装,男装,女装,童装,,潮流时尚,,,中档
,TONI GARD,服装,男装,,,,商务,,,中档
,TONY  WEAR,服装,男装,,,,运动休闲,,,中档
汤尼俊士 ,Tony Jeans,服装,男装,,,,运动休闲,,,中档
,TOPD,服装,女装,,,,潮流时尚,,,中档
,TOPMAN,服装,男装,,,,运动休闲,,,中档
,TOPSHOP,服装,女装,,,,潮流时尚,,,中档
探路者,TOREAD,服装,男装,女装,,,运动休闲,,,中档
,Trendiano,服装,男装,,,,运动休闲,,,中档
翠贝卡,Tribeca,服装,女装,,,,潮流时尚,,,中档
黛安芬,Triumph,服装,内衣配饰,,,,成熟优雅,,,中档
,trucco,服装,女装,,,,潮流时尚,,,高档
左右岁月,TYT,服装,女装,,,,潮流时尚,,,中档
优衣库,uniqlo,服装,男装,女装,,,潮流时尚,,,大众
华伦天奴,VALENTINO,服装,男装,女装,,,成熟优雅,,,高档
威尔丹顿,verdunton,服装,男装,,,,运动休闲,,,中档
维莎曼,VERO MODA,服装,女装,,,,潮流时尚,,,高档
威可多,VICUTU,服装,男装,,,,潮流时尚,,,中档
薇薏蔻,VIVINIKO,服装,女装,,,,潮流时尚,,,高档
华歌尔,Wacoal,服装,内衣配饰,,,,成熟优雅,,中档,高档
韵高,WANKO,服装,女装,,,,潮流时尚,,,中档
威莎,weekend workshop,服装,女装,,,,潮流时尚,,,中档
西遇,westlink,服装,男装,女装,,,潮流时尚,,,大众
雅伊漫,YAYIMAN,服装,女装,,,,潮流时尚,,,中档
雅格尔,youngor,服装,男装,女装,,,运动休闲,,,中档
宜而爽,yoursun,服装,内衣配饰,,,,成熟优雅,,,大众
,ZARA,服装,男装,女装,童装,,潮流时尚,,,中档
杰尼亚,Zegna,服装,男装,,,,商务,,,高档
珍贝,zhenbei,服装,女装,,,,成熟优雅,,,中档
素然,ZUCZUG,服装,女装,,,,运动休闲,,,中档
卓卡,ZUKKA,服装,女装,,,,潮流时尚,,,中档
爱玲杰,,服装,女装,,,,运动休闲,,,大众
安贝儿,,服装,儿童,,,,运动休闲,,,大众
百盛鸟,,服装,男装,,,,运动休闲,,,中档
贝加尔,,服装,女装,,,,运动休闲,,,中档
波顿，veilond,,服装,男装,,,,成熟优雅,,,中档
鄂尔多斯,,服装,女装,,,,成熟优雅,,,中档
哥伦比亚,,服装,男装,女装,,,运动休闲,,,高档
格格,,服装,女装,,,,中式,,,中档
古今,,服装,内衣配饰,,,,成熟优雅,,,中档
鬼洗,,服装,男装,女装,,,潮流时尚,,,中档
贵之步,,服装,女装,,,,休闲,,,中档
好日子,,服装,女装,,,,中式,,,大众
红人,,服装,女装,,,,成熟优雅,,,中档
阔太,,服装,中老年,,,,成熟优雅,,,大众
鹿王羊绒,,服装,男装,女装,,,运动休闲,,,大众
妈妈,,服装,中老年,,,,成熟优雅,,,中档
米皇,,服装,女装,,,,潮流时尚,,,高档
妙采,,服装,中老年,,,,成熟优雅,,,中档
名店运动城,,服装,男装,女装,,,运动休闲,,,大众
木真了,,服装,女装,,,,中式,,,高档
耐尔蓝勋,,服装,内衣配饰,,,,成熟优雅,,,大众
内联升,,服装,内衣配饰,,,,成熟优雅,,,中档
诺梦,,服装,女装,,,,潮流时尚,,,中档
皮皮狗,,服装,女装,,,,潮流时尚,,,中档
瑞蚨祥,,服装,女装,,,,中式,,,奢侈
赛斯特,,服装,女装,,,,潮流时尚,,,中档
三枪,,服装,内衣配饰,,,,成熟优雅,,,中档
莎莲奴,,服装,女装,,,,潮流时尚,,,中档
声雨竹,,服装,女装,,,,潮流时尚,,,中档
施雅袜业,,服装,内衣配饰,,,,运动休闲,,,大众
世王,,服装,内衣配饰,,,,运动休闲,,,大众
司歌,,服装,女装,,,,潮流时尚,,,大众
速写,,服装,男装,,,,潮流时尚,,,中档
台湾茗,,服装,女装,,,,运动休闲,,,中档
唯尚,,服装,女装,,,,运动休闲,,,大众
夏娃的诱惑,,服装,内衣配饰,,,,运动休闲,,,中档
香云莎,,服装,女装,,,,潮流时尚,,,中档
秀怡,,服装,女装,,,,潮流时尚,,,中档
雪莲,,服装,女装,,,,运动休闲,,,大众
懿菲,,服装,女装,,,,中式,,,高档
茵佳妮,,服装,女装,,,,运动休闲,,,大众
运动营,,服装,男装,女装,,,运动休闲,,,大众
长腿叔叔,,服装,儿童,,,,运动休闲,,,大众
兆君,,服装,男装,女装,,,潮流时尚,,,中档
宗洋,,服装,女装,,,,潮流时尚,,,中档
欧时力,ochirly,服装,内衣配饰,,,,潮流时尚,,,中档
华尔街,,教育,英语培训,,,,,,,
山木培训,,教育,课程培训,,,,,,,
阿玛尼,armani,美妆,,,,,,,高档,奢侈
欧珀莱,AUPRES,美妆,,,,,,,,中档
雅漾,Avene,美妆,,,,,,,,中档
雅漾,Avène,美妆,,,,,,,,中档
芭妮兰,banilaco,美妆,,,,,,,,中档
碧欧泉,Biotherm,美妆,,,,,,,,高档
香奈儿,CHANEL,美妆,,,,,,,,奢侈
娇韵诗,clarins,美妆,,,,,,,,高档
蔻驰,COACH,美妆,,,,,,,,奢侈
古驰,cucci,美妆,,,,,,,,奢侈
大卫杜夫,DAVIDOFF,美妆,,,,,,,,中档
思妍丽,DECLEOR,美妆,,,,,,,,中档
迪奥,dior,美妆,,,,,,,,奢侈
,Elina,美妆,,,,,,,,中档
雅诗·兰黛,Estee Lauder,美妆,,,,,,,,高档
高夫,gf,美妆,,,,,,,,中档
水芝澳,h2o+,美妆,,,,,,,,中档
佰草集,herborist,美妆,,,,,,,,中档
爱马仕,Hermes,美妆,,,,,,,高档,奢侈
英格蜜儿,ingridmillet,美妆,,,,,,,,高档
茱莉蔻,JURLIQUE,美妆,,,,,,,,中档
契尔氏,Kiehl's,美妆,,,,,,,,高档
科丽妍,La Colline,美妆,,,,,,,,高档
鳄鱼,LACOSTE,美妆,,,,,,,,大众
兰芝,LANEIGE,美妆,,,,,,,,中档
欧舒丹,L'OCCITANE,美妆,,,,,,,,中档
欧莱雅,loreal,美妆,,,,,,,,大众
魅可,MAC,美妆,,,,,,,,中档
玫珂菲,MAKE up forever,美妆,,,,,,,,高档
梦妆,Mamonde,美妆,,,,,,,,大众
马克·雅可布之马克,MARC BY MARC JACOBS,美妆,,,,,,,,高档
美宝莲,Maybelline,美妆,,,,,,,,大众
玉兰油,OLAY,美妆,,,,,,,,高档
,ONLY,美妆,,,,,,,,中档
奥蜜思,orbis,美妆,,,,,,,,中档
私人美容顾问,PBA,美妆,,,,,,,,大众
宝姿,PORTS,美妆,,,,,,,,中档
安玛莉,PRECIS,美妆,,,,,,,,中档
珀萊雅,PROYA,美妆,,,,,,,,中档
泊美,PURE&MILD,美妆,,,,,,,,中档
丝芙兰,SEPHORA,美妆,,,,,,,,中档
范思哲,VERSACE,美妆,,,,,,,,中档
薇姿,VICHY,美妆,,,,,,,,中档
优机禾本,WAYSHERB,美妆,,,,,,,,高档
羽西,YUE SAI,美妆,,,,,,,,中档
爱手爱脚,,美妆,,,,,,,,大众
瑞贝卡,,美妆,,,,,,,,高档
妍丽,,美妆,,,,,,,,中档
资生堂,,美妆,,,,,,,,大众
自然堂,,美妆,,,,,,,,大众
自然元素,,美妆,,,,,,,,大众
自然之宝,,美妆,,,,,,,,大众
邓禄普,DUNLOP,瘦身纤体,,,,,,,,
必瘦站,Perfect Shape,瘦身纤体,,,,,,,,
,TWG,瘦身纤体,,,,,,,,
八马茶业,,瘦身纤体,,,,,,,,
碱纤体,,瘦身纤体,,,,,,,,
力美健,,瘦身纤体,,,,,,,,
丽妍雅集,,瘦身纤体,,,,,,,,
俪美快巴,,瘦身纤体,,,,,,,,
奈瑞儿,,瘦身纤体,,,,,,,,
颐尊,,瘦身纤体,,,,,,,,
阿迪达斯,adidas,箱包,,,,,,,,中档
艾奈儿,Allaire,箱包,,,,,,,,高档
雅格狮丹,aquascuturm,箱包,,,,,,,,高档
巴黎世家,Balenciaga,箱包,,,,,,,,奢侈
葆蝶家,Bottega Veneta,箱包,,,,,,,,高档
美国骆驼,CAMEL,箱包,,,,,,,,大众
法文箱子,CEE’II BETU,箱包,,,,,,,,高档
香奈儿,CHANEL,箱包,,,,,,,,奢侈
珂洛艾伊,Chloe,箱包,,,,,,,,奢侈
,CHLOE,箱包,,,,,,,,奢侈
蔻驰,COACH,箱包,,,,,,,高档,奢侈
,COCCINELLE,箱包,,,,,,,,高档
古驰,cucci,箱包,,,,,,,,奢侈
迪桑娜,DISSONA,箱包,,,,,,,,中档
,DKNY JEANS,箱包,,,,,,,,高档
芬迪,FENDI,箱包,,,,,,,,高档
金狐狸,FOXER,箱包,,,,,,,,大众
纪梵希,Givenchy,箱包,,,,,,,,奢侈
古驰,Gucci,箱包,,,,,,,,奢侈
盖尔斯,GUESS,箱包,,,,,,,,中档
爱马仕,Hermes,箱包,,,,,,,高档,奢侈
凯特·丝蓓,kate spade,箱包,,,,,,,,高档
吉普林,kipling,箱包,,,,,,,,中档
拉科斯特,Lacoste,箱包,,,,,,,,高档
老人头,laorentou,箱包,,,,,,,,大众
罗意威,LOEWE,箱包,,,,,,,,高档
珑镶,LONGCHAMP,箱包,,,,,,,,高档
路易威登,LOUIS VUITTON,箱包,,,,,,,,奢侈
莉琨,Lovcat,箱包,,,,,,,,中档
罗茜奥,LOZIO,箱包,,,,,,,,中档
路易威登,LV,箱包,,,,,,,,奢侈
马克·雅可布之马克,MARC BY MARC JACOBS,箱包,,,,,,,,高档
,Mcm,箱包,,,,,,,,奢侈
MONGO,MNG,箱包,,,,,,,,高档
梦特娇,MONTAGUT,箱包,,,,,,,,大众
莫斯奇诺 ,moschino,箱包,,,,,,,,高档
尼诺里拉,ninoriva,箱包,,,,,,,,高档
芭迪,PATTY,箱包,,,,,,,,中档
花花公子,Playboy,箱包,,,,,,,,大众
普拉达,PRADA,箱包,,,,,,,,奢侈
,Salad,箱包,,,,,,,,中档
新秀丽,Samsonite,箱包,,,,,,,,中档
,she’s,箱包,,,,,,,,中档
思加图,STACCATO,箱包,,,,,,,,高档
,TOUGH,箱包,,,,,,,,中档
,UGG Australia,箱包,,,,,,,,高档
范思哲,VERSACE,箱包,,,,,,,,中档
,ZARA,箱包,,,,,,,,中档
莎莎苏,zsazsazsu,箱包,,,,,,,,高档
箱子,,箱包,,,,,,,,大众
,ONLY,鞋帽,女鞋,,,,潮流时尚,,,中档
铁狮东尼,A.TESTONI,鞋帽,女鞋,男鞋,,,潮流,商务,,高档
,accessorize,鞋帽,配饰,,,,潮流,,,高档
阿迪达斯,adidas,鞋帽,男鞋,女鞋,配饰,,运动,户外,,中档
爱柔仕,AEROSOLES,鞋帽,女鞋,,,,休闲,,,大众
,aigle,鞋帽,男鞋,女鞋,,,潮流,休闲,,高档
,Allen Edmonds,鞋帽,配饰,男鞋,,,商务,,,奢侈
安踏,anta,鞋帽,男鞋,女鞋,,,运动,户外,,大众
阿玛尼,Armani,鞋帽,配饰,,,,潮流,,,奢侈
艾迪米斯,Artemis,鞋帽,女鞋,,,,休闲,,,中档
,AS,鞋帽,女鞋,,,,商务,,,中档
芭芬,baffn,鞋帽,女鞋,,,,休闲,,,中档
巴利,Bally,鞋帽,女鞋,配饰,,,商务,,,奢侈
百思图,BASTO,鞋帽,女鞋,,,,休闲,,,中档
拔佳,BATA,鞋帽,女鞋,,,,休闲,,,中档
,Bata,鞋帽,女鞋,男鞋,童鞋,,休闲,潮流,,中档
,bauhaus,鞋帽,配饰,,,,潮流,,,中档
,beartwo,鞋帽,配饰,女鞋,,,潮流,,,中档
百丽,Belle,鞋帽,女鞋,,,,休闲,,,大众
博斯里拉,bosilila,鞋帽,男鞋,女鞋,,,潮流,,,高档
博斯,BOSSsunwen,鞋帽,男鞋,配饰,,,商务,,,奢侈
葆蝶家,Bottega Veneta,鞋帽,配饰,,,,商务,,,高档
,Bread N Butter,鞋帽,配饰,女鞋,,,商务,,,高档
布里奥尼,BRIONI,鞋帽,配饰,,,,商务,,,奢侈
宝丽格,BVLGARI,鞋帽,配饰,,,,商务,,,高档
千百度,c.banner,鞋帽,女鞋,,,,休闲,,,中档
,C.P.U,鞋帽,女鞋,,,,潮流,,,高档
,Calvin,鞋帽,配饰,,,,商务,,,高档
,Calvin Klein Jeans,鞋帽,配饰,,,,休闲,潮流,,高档
骆驼,CAMEL,鞋帽,男鞋,女鞋,,,户外,休闲,大众,中档
,CANALI,鞋帽,配饰,,,,商务,,,奢侈
卡丹路,Cardanro,鞋帽,男鞋,,,,休闲,,,大众
,CAT,鞋帽,男鞋,,,,潮流,,,中档
卡威奴,Cavieno,鞋帽,女鞋,,,,休闲,,,中档
柯兰诺,Celano,鞋帽,女鞋,,,,休闲,,,高档
策乐,cele,鞋帽,女鞋,男鞋,,,休闲,潮流,,中档
,CELINE,鞋帽,配饰,,,,潮流,,,奢侈
香奈儿,CHANEL,鞋帽,配饰,,,,商务,潮流,,奢侈
,CHECHE,鞋帽,配饰,,,,,,,高档
秋水伊人,chiushui,鞋帽,女鞋,,,,休闲,,,大众
,CHLOE,鞋帽,配饰,,,,潮流,,,奢侈
,CK,鞋帽,配饰,,,,潮流,,,高档
其乐,Clarks,鞋帽,男鞋,,,,休闲,,,中档
真适意,CNE,鞋帽,女鞋,,,,潮流,,,中档
蔻驰,COACH,鞋帽,配饰,男鞋,女鞋,,商务,,,奢侈
,COCCINELLE,鞋帽,配饰,女鞋,,,商务,,,高档
哥伦比亚,Columbia,鞋帽,配饰,男鞋,女鞋,,休闲,户外,,高档
康莉,COMELY,鞋帽,女鞋,,,,休闲,,,中档
匡威,CONVERSE,鞋帽,男鞋,,,,休闲,,,中档
羚羊,couber.g,鞋帽,男鞋,女鞋,,,商务,运动,,中档
鳄鱼恤,crocodile,鞋帽,女鞋,,,,休闲,,,大众
鳄鱼,crocs,鞋帽,男鞋,女鞋,,,休闲,,,高档
,d:fuse,鞋帽,女鞋,,,,商务,,,中档
达芙妮,Daphne,鞋帽,女鞋,,,,休闲,,,大众
,DEVIL NUT,鞋帽,配饰,,,,运动,潮流,,中档
,Diane von Furstenberg,鞋帽,配饰,女鞋,,,商务,,,奢侈
唐可娜儿,DKNY,鞋帽,配饰,,,,潮流,,,奢侈
杜嘉班纳,DOLCE & GABBANA,鞋帽,配饰,,,,潮流,,,奢侈
江博士健康鞋,Dr.Kong,鞋帽,童鞋,,,,休闲,,,中档
,easyspirit,鞋帽,女鞋,男鞋,,,休闲,,,中档
爱步,ECCO,鞋帽,男鞋,女鞋,童鞋,,商务,休闲,,中档
,EIN,鞋帽,女鞋,配饰,,,潮流,,,高档
思捷,ESPRIT,鞋帽,女鞋,男鞋,配饰,,运动,休闲,,中档
,FED,鞋帽,女鞋,,,,商务,潮流,,高档
富贵鸟,FGN,鞋帽,男鞋,,,,商务,休闲,,大众
,Fornafina,鞋帽,女鞋,配饰,,,潮流,,,中档
嘎嘎,gaga,鞋帽,女鞋,,,,潮流,,,中档
,GANT,鞋帽,女鞋,男鞋,配饰,,商务,,,中档
健乐士 ,Geox,鞋帽,男鞋,女鞋,,,休闲,,,高档
纪梵希,Givenchy,鞋帽,配饰,,,,潮流,,,奢侈
金利来,Goldlion,鞋帽,配饰,男鞋,,,商务,休闲,,中档
古驰,Gucci,鞋帽,配饰,男鞋,女鞋,,商务,潮流,,奢侈
哈森,Harson,鞋帽,男鞋,女鞋,,,休闲,,,中档
哈瓦那,havaianas,鞋帽,男鞋,,,,休闲,,,中档
爱马仕,HERMES,鞋帽,配饰,,,,商务,,,奢侈
红科,HONGKEE,鞋帽,女鞋,,,,休闲,,,中档
红科,hongkee,鞋帽,女鞋,,,,商务,,,高档
暇步士,Hush Puppies,鞋帽,男鞋,,,,商务,,,中档
,IGER,鞋帽,女鞋,,,,潮流,,,高档
宾度,J.Benato,鞋帽,男鞋,,,,休闲,,,高档
,Jimmy,鞋帽,女鞋,,,,休闲,商务,,奢侈
,JOY&PEACE,鞋帽,女鞋,,,,潮流,,,中档
七月恋人,JULY LOVER,鞋帽,女鞋,,,,休闲,,,中档
卡迪娜,KADINA,鞋帽,女鞋,,,,休闲,,,中档
康威,kangwei,鞋帽,男鞋,,,,休闲,,,中档
卡尼亚,kania,鞋帽,配饰,,,,潮流,,,高档
卡帕,kappa,鞋帽,男鞋,女鞋,,,运动,休闲,,高档
,KEEN,鞋帽,男鞋,女鞋,,,户外,,,高档
,KENZO,鞋帽,配饰,,,,运动,潮流,,高档
接吻猫,Kiss Cat,鞋帽,女鞋,,,,休闲,,,中档
接吻猫,KISS CAT,鞋帽,女鞋,,,,休闲,潮流,,中档
,knoway,鞋帽,男鞋,女鞋,,,户外,,,高档
高琪,KUUKI,鞋帽,女鞋,,,,休闲,,,中档
鳄鱼,LACOSTE,鞋帽,男鞋,,,,休闲,,,大众
莱尔斯丹,Le Saunda,鞋帽,女鞋,,,,商务,,,中档
莱思丽,LESELE,鞋帽,女鞋,,,,休闲,,,中档
李宁,li-ning,鞋帽,男鞋,,,,运动,,,大众
乐途,lotto,鞋帽,男鞋,女鞋,,,运动,休闲,,大众
米莲诺,mileno,鞋帽,女鞋,,,,休闲,,,中档
妙丽,Millies,鞋帽,女鞋,,,,休闲,,,中档
美丽宝,mirabell,鞋帽,男鞋,女鞋,,,商务,潮流,,中档
美津浓,Mizuno,鞋帽,男鞋,,,,运动,,,中档
,MLB,鞋帽,配饰,男鞋,,,潮流,,,高档
娜然,Naturalizer,鞋帽,女鞋,,,,休闲,,,中档
,NBA,鞋帽,男鞋,,,,运动,,,中档
耐克,NIKE 360°,鞋帽,男鞋,女装,,,运动,,,中档
玖熙,NINE WEST,鞋帽,男鞋,女鞋,配饰,,休闲,运动,中档,高档
鬼冢虎,onitsukatiger,鞋帽,男鞋,女鞋,,,运动,,,中档
帕拉丁,Palladium,鞋帽,男鞋,女鞋,,,休闲,,,中档
芭迪,PATTY,鞋帽,女鞋,,,,休闲,,,大众
大嘴猴,Paul Homme,鞋帽,男鞋,女鞋,,,休闲,,,中档
花花公子,Playboy,鞋帽,男鞋,,,,青少年,,,大众
波尼,PONY,鞋帽,男鞋,女鞋,,,休闲,,,中档
宝姿,PORTS,鞋帽,配饰,,,,潮流,,,中档
安玛莉,PRECIS,鞋帽,男鞋,女鞋,,,休闲,,,中档
步步高,PUBGO,鞋帽,男鞋,,,,商务,,,大众
彪马,Puma,鞋帽,男鞋,女鞋,童鞋,,运动,,,中档
红蜻蜓,RED DRAGONFLY,鞋帽,男鞋,,,,商务,,,大众
锐步,Reebok,鞋帽,男鞋,,,,休闲,,,中档
思姆,S&M,鞋帽,男鞋,,,,休闲,,,中档
索菲娅,SAFIYA,鞋帽,女鞋,,,,休闲,,,中档
圣琪儿,sanqocher,鞋帽,女鞋,,,,休闲,,,中档
萨瑞儿,SARRIER,鞋帽,女鞋,,,,休闲,,,中档
沙驰,satchi,鞋帽,女鞋,,,,休闲,,,中档
四季风,SEASONAL WINDS,鞋帽,女鞋,,,,休闲,,,大众
思莱德,SELECTED,鞋帽,配饰,,,,商务,,,中档
森达,senda,鞋帽,女鞋,,,,休闲,,,大众
,SHEME,鞋帽,女鞋,,,,休闲,,,中档
真美诗,Simple&Match,鞋帽,女鞋,,,,潮流,,,中档
斯凯奇,SKECHERS,鞋帽,男鞋,,,,休闲,,,中档
星期六,ST&SAT,鞋帽,女鞋,,,,休闲,,,大众
思加图,STACCATO,鞋帽,男鞋,女鞋,,,休闲,,中档,高档
,STELLA LUNA,鞋帽,女鞋,,,,休闲,,,高档
史蒂夫·马登,STEVE MADDEN,鞋帽,女鞋,,,,休闲,,,中档
他她,Tata,鞋帽,女鞋,,,,休闲,,,中档
天美意,teenmix,鞋帽,女鞋,,,,休闲,,,中档
迪宝.阿治奥,tibao aucheho,鞋帽,男鞋,,,,商务,,,中档
添柏岚,timberland,鞋帽,男鞋,女鞋,,,休闲,,,高档
托德斯,TODS,鞋帽,男鞋,女鞋,,,休闲,,,高档
,TOP,鞋帽,女鞋,,,,休闲,,,中档
华伦天奴,VALENTINO,鞋帽,男装,女鞋,,,商务,,,高档
万利威德,VALLEVERDE,鞋帽,女鞋,,,,商务,,,大众
范斯,vans,鞋帽,男鞋,女鞋,童鞋,,休闲,,,中档
范思哲,VERSACE,鞋帽,女鞋,,,,潮流,,,中档
,Waffle,鞋帽,男鞋,,,,休闲,,,中档
奥卡索,Walker Shop,鞋帽,女鞋,,,,休闲,,,中档
,What for,鞋帽,女鞋,,,,休闲,,,高档
妩品牌,WOO,鞋帽,配饰,,,,商务,,,中档
,ZARA,鞋帽,男鞋,女鞋,童鞋,,潮流,,,中档
莎莎苏,zsazsazsu,鞋帽,女鞋,,,,潮流,,,高档
百佳,,鞋帽,女鞋,,,,休闲,,,中档
登好行,,鞋帽,男鞋,,,,休闲,,,大众
贵之步,,鞋帽,女鞋,,,,休闲,,,中档
好人缘,,鞋帽,女鞋,,,,休闲,,,大众
金盾,,鞋帽,男鞋,,,,商务,,,中档
卡弗儿,,鞋帽,女鞋,,,,休闲,,,中档
宝华韦健,B&W,娱乐,其他,,,,,,,
博士,BOSE音响,娱乐,其他,,,,,,,
,CLASSIC,娱乐,其他,,,,,,,
,HOTTO水生活馆,娱乐,其他,,,,,,,
,JBL,娱乐,其他,,,,,,,
城市英雄电玩俱乐部,,娱乐,电玩城,,,,,,,
飞扬影院,,娱乐,电影院,,,,,,,
南国影城,,娱乐,电影院,,,,,,,
上影国际影城,,娱乐,电影院,,,,,,,
同乐童乐城,,娱乐,电玩城,,,,,,,
丸来玩趣,,娱乐,电玩城,,,,,,,
,accessorize,珠宝首饰,金银,,,,,,,高档
阿嘉莎狗狗,AGATHA,珠宝首饰,金银,手表,,,,,,高档
阿茉兰蒂,amarantine,珠宝首饰,金银,,,,,,,高档
芮蕊,ANN·ANN,珠宝首饰,金银,,,,,,,中档
阿努比斯,anubis,珠宝首饰,玉石,金银,,,,,,高档
阿玛尼,armani,珠宝首饰,手表,,,,,,高档,奢侈
雅天妮,ARTINI,珠宝首饰,钻石,,,,,,,高档
名士,Baume&Mercier,珠宝首饰,手表,,,,,,,高档
宝丽格,BVLGARI,珠宝首饰,金银,,,,,,,高档
卡地亚,CARTIER,珠宝首饰,手表,,,,,,,奢侈
卡西欧,CASIO,珠宝首饰,手表,,,,,,,高档
,CENTURY,珠宝首饰,手表,,,,,,,奢侈
,CERRUTI 1881,珠宝首饰,手表,,,,,,,奢侈
香奈儿,CHANEL,珠宝首饰,手表,金银,,,,,,奢侈
,CHARRIOL,珠宝首饰,手表,,,,,,,中档
绰美,CHAUMET,珠宝首饰,手表,,,,,,,奢侈
潮宏基,chj jewellery,珠宝首饰,金银,,,,,,,高档
,citizen,珠宝首饰,手表,,,,,,,高档
,CK,珠宝首饰,手表,,,,,,,高档
蔻驰,COACH,珠宝首饰,手表,,,,,,,奢侈
古驰,cucci,珠宝首饰,手表,,,,,,,奢侈
大卫杜夫,DAVIDOFF,珠宝首饰,手表,,,,,,,高档
迪兰驼,DELACOUR,珠宝首饰,手表,,,,,,,高档
迪奥,dior,珠宝首饰,手表,,,,,,,奢侈
英皇珠宝,emperor,珠宝首饰,婚戒,,,,,,,高档
,enzo,珠宝首饰,钻石,,,,,,,高档
,F.P.JOURNE,珠宝首饰,手表,,,,,,,奢侈
,Fred,珠宝首饰,钻石,,,,,,,高档
,Gemini韩国饰品店,珠宝首饰,钻石,,,,,,,高档
古驰,Gucci,珠宝首饰,手表,金银,,,,,,奢侈
盖尔斯,GUESS,珠宝首饰,手表,,,,,,,中档
汉米尔顿,HAMILTON,珠宝首饰,手表,,,,,,,高档
爱马仕,Hermes,珠宝首饰,手表,,,,,,高档,奢侈
爱马仕,HERMES,珠宝首饰,手表,,,,,,,奢侈
,IDO,珠宝首饰,婚戒,钻石,,,,,,奢侈
,JAEGER-LECOULTRE,珠宝首饰,手表,,,,,,,奢侈
镇金店,Just Gold,珠宝首饰,金银,,,,,,,高档
卡尼亚,kania,珠宝首饰,金银,,,,,,,高档
,KONPLOTT,珠宝首饰,玉石,,,,,,,高档
劳斯顿,LAWSITON,珠宝首饰,手表,,,,,,,奢侈
珑镶,LONGCHAMP,珠宝首饰,钻石,,,,,,,高档
浪琴表,Longines,珠宝首饰,手表,,,,,,,高档
浪琴,LONGINES,珠宝首饰,手表,,,,,,,奢侈
爱与被爱,LOVE&LOVE,珠宝首饰,钻石,,,,,,,高档
,Mcm,珠宝首饰,手表,,,,,,,奢侈
曼古银,mgs,珠宝首饰,金银,,,,,,,高档
美度,mido,珠宝首饰,手表,,,,,,,高档
,NOCTURNE,珠宝首饰,金银,,,,,,,高档
欧米茄,OMEGA,珠宝首饰,手表,,,,,,,奢侈
欧罗普,OROP,珠宝首饰,金银,,,,,,,高档
沛纳海,Panerai,珠宝首饰,手表,,,,,,,奢侈
,PH7,珠宝首饰,金银,,,,,,,高档
,pilgrim,珠宝首饰,钻石,,,,,,,高档
麒麟珠宝,QEELIN,珠宝首饰,钻石,,,,,,,高档
雷达表,RADO,珠宝首饰,手表,,,,,,,高档
劳力士,Rolex,珠宝首饰,手表,,,,,,,奢侈
劳力士,ROLEX,珠宝首饰,手表,,,,,,,奢侈
精工,SEIKO,珠宝首饰,手表,,,,,,,高档
施华洛世奇,Swarovski,珠宝首饰,金银,,,,,,,奢侈
施华洛世奇,Swarovski,珠宝首饰,婚戒,手表,,,,,,奢侈
斯沃琪,SWATCH,珠宝首饰,手表,,,,,,,高档
天美钻,Temix,珠宝首饰,钻石,,,,,,,高档
蒂芙妮,TIFFANY,珠宝首饰,钻石,婚戒,,,,,,奢侈
天梭表,Tissot,珠宝首饰,手表,,,,,,,高档
天梭,TISSOT,珠宝首饰,手表,,,,,,,高档
西铁城,VESAS COLLECTION,珠宝首饰,手表,,,,,,,高档
戴梦得,,珠宝首饰,钻石,,,,,,,高档
顶好坊,,珠宝首饰,钻石,,,,,,,高档
凡高高级珠宝,,珠宝首饰,钻石,,,,,,,高档
福人得,,珠宝首饰,玉石,,,,,,,高档
和玉缘,,珠宝首饰,玉石,,,,,,,高档
亨联达钟表,,珠宝首饰,手表,,,,,,,高档
卡地亚,,珠宝首饰,手表,,,,,,,奢侈
凯妮伊泰莲娜饰品店,,珠宝首饰,钻石,,,,,,,高档
六福珠宝,,珠宝首饰,婚戒,,,,,,,高档
蒙丹娜水晶饰品,,珠宝首饰,金银,,,,,,,高档
明牌首饰,,珠宝首饰,金银,,,,,,,高档
千禧之星,,珠宝首饰,金银,,,,,,,高档
时间廊,,珠宝首饰,手表,,,,,,,高档
谢瑞麟,,珠宝首饰,钻石,,,,,,,高档
玉隆轩,,珠宝首饰,玉石,,,,,,,高档
周大福,,珠宝首饰,婚戒,,,,,,,高档
周生生,,珠宝首饰,婚戒,,,,,,,高档
