品牌,品类,类别,风格,档次
一致药店,保健品,/,/,/
金康药房,保健品,/,/,/
豪贤医药保健商店,保健品,/,/,/
尚栈燕窝虫草专门店,保健品,/,/,/
采芝林药业连锁,保健品,/,/,/
Artemis,保健品,/,/,/
GNC,保健品,/,/,/
OSIM,保健品,/,/,/
宝明堂,保健品,/,/,/
康美人生,保健品,/,/,/
新行家,保健品,/,/,/
一茶一坐,餐饮,中餐,粤菜,中档
面包新语,餐饮,糕点小吃,/,大众
仙踪林,餐饮,西餐,西餐正餐,中档
千味涮,餐饮,中餐,火锅,中档
金草帽韩式自助烤肉,餐饮,中餐,烧烤,中档
陶源酒家,餐饮,中餐,粤菜,高档
摩提工房,餐饮,糕点小吃,/,中档
面屋,餐饮,糕点小吃,/,大众
一菜,餐饮,中餐,粤菜,中档
小辉哥火锅,餐饮,中餐,火锅,中档
麻辣派对,餐饮,中餐,火锅,中档
鲜语,餐饮,糕点小吃,/,中档
太平洋咖啡,餐饮,糕点小吃,/,中档
俏江南,餐饮,中餐,粤菜,高档
黄记煌三汁焖锅,餐饮,中餐,江浙,中档
西树泡芙,餐饮,糕点小吃,/,大众
大家乐,餐饮,中餐,中式快餐,大众
港丽餐厅,餐饮,中餐,中式快餐,中档
稻香,餐饮,中餐,粤菜,中档
盛宴自助餐厅,餐饮,中餐,火锅,高档
膳缘素汇,餐饮,中餐,江浙,中档
辉记,餐饮,中餐,粤菜,高档
荣华西饼屋,餐饮,糕点小吃,/,中档
星奇异水果厨房,餐饮,糕点小吃,/,中档
团团锅麻辣香锅,餐饮,中餐,火锅,中档
麻辣香锅,餐饮,中餐,火锅,中档
湘飘飘麻辣香锅,餐饮,中餐,火锅,中档
罗节子肥肠粉,餐饮,中餐,粤菜,大众
猪头&鱼,餐饮,糕点小吃,/,中档
一品大虾,餐饮,中餐,江浙,中档
川菜鱼,餐饮,中餐,川菜,中档
薯三多川菜,餐饮,中餐,川菜,中档
大碗便丼,餐饮,中餐,中式快餐,大众
竹风台湾风味餐厅,餐饮,西餐,西餐正餐,中档
尚庆林自助美食超市,餐饮,中餐,火锅,中档
28煮意,餐饮,中餐,粤菜,中档
周记冒菜,餐饮,中餐,湘菜,中档
家有好面,餐饮,中餐,江浙,中档
瓯之味,餐饮,中餐,中式快餐,中档
老成都,餐饮,中餐,川菜,中档
南小馆,餐饮,中餐,粤菜,大众
可颂坊,餐饮,糕点小吃,/,大众
味食尚,餐饮,中餐,江浙,中档
栗品香,餐饮,糕点小吃,/,中档
莲香楼饼屋,餐饮,糕点小吃,/,中档
琳德烘焙,餐饮,糕点小吃,/,中档
鹭鹭小馆,餐饮,中餐,江浙,中档
王氏捞吧,餐饮,中餐,火锅,中档
鱼满塘,餐饮,中餐,湘菜,高档
尊尚食府班敦会,餐饮,中餐,粤菜,高档
爱盛面包店,餐饮,糕点小吃,/,大众
Bistrow,餐饮,西餐,西餐正餐,高档
Cafe Bene,餐饮,糕点小吃,/,中档
Candy,餐饮,糕点小吃,/,中档
cotton’s,餐饮,西餐,西餐正餐,高档
Deli&Leisure,餐饮,西餐,西餐正餐,中档
Hey YO!!,餐饮,糕点小吃,/,大众
ILLY,餐饮,糕点小吃,/,高档
Jade Garden,餐饮,中餐,粤菜,高档
macaronhome,餐饮,糕点小吃,/,高档
Pizza Marzano,餐饮,西餐,西餐正餐,中档
THE URBAN HARVEST,餐饮,西餐,西餐正餐,高档
wagas,餐饮,西餐,西餐正餐,高档
爱果果,餐饮,糕点小吃,/,大众
巴黎天使烘培公馆,餐饮,糕点小吃,/,高档
芭克闪冰,餐饮,糕点小吃,/,中档
宝山万达店,餐饮,中餐,火锅,高档
比利心思,餐饮,糕点小吃,/,中档
不出二品,餐饮,糕点小吃,/,大众
布歌东京,餐饮,糕点小吃,/,大众
徹思叔叔,餐饮,糕点小吃,/,大众
代官山,餐饮,西餐,西餐正餐,高档
鼎泰丰,餐饮,中餐,粤菜,中档
东方既白,餐饮,中餐,粤菜,中档
东西烧,餐饮,中餐,烧烤,中档
歌帝梵,餐饮,糕点小吃,/,高档
和米堂,餐饮,东南亚菜,/,中档
花之宴,餐饮,东南亚菜,/,中档
津粉世家,餐饮,中餐,中式快餐,大众
锦逸,餐饮,西餐,西餐正餐,高档
卡撒浓汤,餐饮,西餐,西餐正餐,中档
拉蒂娜,餐饮,西餐,西餐正餐,高档
辣尚瘾,餐饮,中餐,川菜,中档
老乡村,餐饮,中餐,湘菜,中档
乐意坊,餐饮,西餐,西餐正餐,高档
梁记,餐饮,中餐,中式快餐,大众
麻田会,餐饮,中餐,火锅,中档
马拉爸爸,餐饮,东南亚菜,/,中档
美珍香,餐饮,糕点小吃,/,中档
诺好事,餐饮,糕点小吃,/,高档
善苜村,餐饮,中餐,火锅,中档
上海老站,餐饮,中餐,江浙,高档
上韩馆,餐饮,中餐,西北,中档
上井精致,餐饮,东南亚菜,/,中档
尚品宫,餐饮,东南亚菜,/,中档
泰满冠,餐饮,东南亚菜,/,中档
糖果研究室,餐饮,糕点小吃,/,中档
甜蜜转身,餐饮,糕点小吃,/,高档
甜兮兮,餐饮,糕点小吃,/,中档
望湘园,餐饮,中餐,湘菜,中档
西龙纤味,餐饮,中餐,江浙,中档
仙芋传奇,餐饮,糕点小吃,/,大众
香溢培客,餐饮,西餐,西餐正餐,中档
新罗宝,餐饮,东南亚菜,/,中档
新元素,餐饮,西餐,西餐正餐,中档
宴江南,餐饮,中餐,粤菜,中档
伊藤家·チーズケーキ,餐饮,糕点小吃,/,大众
意粉屋,餐饮,西餐,西餐正餐,中档
隐竹,餐饮,东南亚菜,/,中档
芋观园,餐饮,糕点小吃,/,大众
Ole精品超市,超市,/,/,/
屈臣氏,超市,/,/,/
尊尚百货,超市,/,/,/
AppleShop,超市,/,/,/
COSTA,超市,/,/,/
华润万家,超市,/,/,/
万宁,超市,/,/,/
永旺,超市,/,/,/
MISSONI,服装,女装,潮流时尚,奢侈
热风,服装,男装,潮流时尚,中档
热风,服装,女装,潮流时尚,中档
HAZZYS,服装,男装,韩式,高档
HAZZYS,服装,女装,韩式,高档
艾格,服装,女装,成熟优雅,高档
I.P.ZONE,服装,男装,中式,大众
I.P.ZONE,服装,女装,中式,大众
马克华菲,服装,男装,中式,中档
马克华菲,服装,女装,中式,中档
PRADA,服装,男装,潮流时尚,奢侈
PRADA,服装,女装,潮流时尚,奢侈
BOSS,服装,男装,商务,高档
皮尔卡丹,服装,男装,商务,高档
百图,服装,女装,潮流时尚,中档
ES,服装,女装,潮流时尚,中档
雪莲,服装,女装,运动休闲,大众
珍贝,服装,女装,成熟优雅,中档
贝加尔,服装,女装,运动休闲,中档
爱慕,服装,内衣配饰,成熟优雅,大众
华歌尔,服装,内衣配饰,成熟优雅,中档
依恋,服装,女装,成熟优雅,中档
阔太,服装,中老年,成熟优雅,大众
瑞蚨祥,服装,女装,中式,奢侈
波顿，veilond,服装,男装,成熟优雅,中档
beartwo,服装,女装,潮流时尚,中档
a02,服装,女装,运动休闲,中档
f8派,服装,女装,商务,中档
圣雪绒,服装,男装,潮流时尚,中档
圣雪绒,服装,女装,潮流时尚,中档
兆君,服装,男装,潮流时尚,中档
兆君,服装,女装,潮流时尚,中档
鄂尔多斯,服装,女装,成熟优雅,中档
格格,服装,女装,中式,中档
好日子,服装,女装,中式,大众
红人,服装,女装,成熟优雅,中档
内联升,服装,内衣配饰,成熟优雅,中档
5cm,服装,男装,潮流时尚,中档
5cm,服装,女装,潮流时尚,中档
Levi’s,服装,男装,潮流时尚,中档
Levi’s,服装,女装,潮流时尚,中档
班尼路,服装,男装,运动休闲,大众
班尼路,服装,女装,运动休闲,大众
背靠背,服装,男装,运动休闲,大众
背靠背,服装,女装,运动休闲,大众
古今内衣,服装,内衣配饰,成熟优雅,大众
名店运动城,服装,男装,运动休闲,大众
名店运动城,服装,女装,运动休闲,大众
耐克,服装,男装,运动休闲,中档
耐克,服装,女装,运动休闲,中档
西遇,服装,男装,潮流时尚,大众
西遇,服装,女装,潮流时尚,大众
运动营,服装,男装,运动休闲,大众
运动营,服装,女装,运动休闲,大众
佐丹奴,服装,男装,潮流时尚,中档
佐丹奴,服装,女装,潮流时尚,中档
CELINE,服装,男装,潮流时尚,奢侈
CELINE,服装,女装,潮流时尚,奢侈
CHLOE,服装,男装,潮流时尚,奢侈
CHLOE,服装,女装,潮流时尚,奢侈
DKNY,服装,男装,潮流时尚,奢侈
DKNY,服装,女装,潮流时尚,奢侈
TIFFANY,服装,男装,潮流时尚,奢侈
TIFFANY,服装,女装,潮流时尚,奢侈
阿玛尼,服装,男装,潮流时尚,奢侈
阿玛尼,服装,女装,潮流时尚,奢侈
登喜路,服装,男装,潮流时尚,奢侈
登喜路,服装,女装,潮流时尚,奢侈
迪奥,服装,男装,潮流时尚,奢侈
迪奥,服装,女装,潮流时尚,奢侈
卡地亚,服装,男装,潮流时尚,奢侈
卡地亚,服装,女装,潮流时尚,奢侈
欧米茄,服装,男装,潮流时尚,奢侈
欧米茄,服装,女装,潮流时尚,奢侈
沛纳海,服装,男装,潮流时尚,奢侈
沛纳海,服装,女装,潮流时尚,奢侈
ABLE JEANS,服装,男装,潮流时尚,高档
ABLE JEANS,服装,女装,潮流时尚,高档
AF,服装,男装,潮流时尚,中档
AF,服装,女装,潮流时尚,中档
Agnes,服装,男装,成熟优雅,高档
Agnes,服装,女装,成熟优雅,高档
AGNONA,服装,女装,成熟优雅,高档
aigle,服装,男装,潮流时尚,高档
aigle,服装,女装,潮流时尚,高档
Aimer,服装,内衣配饰,成熟优雅,中档
amphi,服装,内衣配饰,成熟优雅,中档
ANN·ANN,服装,女装,潮流时尚,中档
AO2,服装,女装,运动休闲,大众
AOLTNA,服装,男装,成熟优雅,中档
Armani,服装,男装,潮流时尚,奢侈
Armani,服装,女装,潮流时尚,奢侈
arrtco,服装,女装,潮流时尚,中档
ATSUGR,服装,内衣配饰,潮流时尚,中档
AZONA,服装,女装,成熟优雅,中档
B.SIQI,服装,女装,成熟优雅,中档
Baker,服装,女装,成熟优雅,高档
BASIC HOUSE,服装,女装,潮流时尚,中档
bauhaus,服装,男装,潮流时尚,中档
bauhaus,服装,女装,潮流时尚,中档
bean pole,服装,男装,韩式,高档
bean pole,服装,女装,韩式,高档
body pops,服装,内衣配饰,成熟优雅,高档
Body.ing,服装,女装,运动休闲,中档
BONI,服装,男装,商务,高档
BONLUXE,服装,内衣配饰,成熟优雅,中档
BONPOINT,服装,儿童,潮流时尚,高档
bosilila,服装,男装,潮流时尚,高档
bosilila,服装,女装,潮流时尚,高档
bossini,服装,男装,运动休闲,中档
bossini,服装,女装,运动休闲,中档
BOSSsunwen,服装,男装,商务,奢侈
Bread N Butter,服装,女装,成熟优雅,高档
BRIONI,服装,男装,成熟优雅,高档
BROOKS BROTHERS,服装,男装,商务,高档
BROOKS BROTHERS,服装,女装,商务,高档
BUOU BUOU,服装,女装,潮流时尚,高档
cabben,服装,男装,潮流时尚,高档
CALLIFTO,服装,男装,商务,高档
Calvin,服装,内衣配饰,成熟优雅,高档
Calvin Klein Jeans,服装,男装,运动休闲,高档
Calvin Klein Underwear,服装,内衣配饰,成熟优雅,高档
CAMICISSIMA,服装,男装,商务,中档
CANALI,服装,男装,商务,奢侈
CANTARELLI,服装,男装,成熟优雅,奢侈
cardkai,服装,男装,商务,中档
CHABER,服装,女装,成熟优雅,中档
cocolulu,服装,男装,运动休闲,中档
cocolulu,服装,女装,运动休闲,中档
COCOON,服装,女装,成熟优雅,中档
Columbia,服装,男装,运动休闲,高档
Columbia,服装,女装,运动休闲,高档
CORDIER,服装,女装,成熟优雅,中档
croquis,服装,男装,运动休闲,大众
croquis,服装,女装,运动休闲,大众
Cushow,服装,女装,成熟优雅,中档
daks,服装,男装,成熟优雅,奢侈
daks,服装,女装,成熟优雅,奢侈
DAZZIE,服装,女装,成熟优雅,中档
DEVIL NUT,服装,男装,运动休闲,中档
DEVIL NUT,服装,女装,运动休闲,中档
Diamond DAZZLE,服装,女装,成熟优雅,高档
Diane von Furstenberg,服装,女装,成熟优雅,奢侈
DOLCE & GABBANA,服装,内衣配饰,潮流时尚,奢侈
DONNA KARAN,服装,内衣配饰,潮流时尚,奢侈
DORANER,服装,女装,成熟优雅,高档
ebase,服装,男装,成熟优雅,中档
ebase,服装,女装,成熟优雅,中档
Eblin,服装,内衣配饰,成熟优雅,中档
edc,服装,女装,运动休闲,中档
eifini,服装,女装,潮流时尚,中档
EIN,服装,女装,潮流时尚,高档
ELAND,服装,女装,潮流时尚,高档
E-land,服装,女装,潮流时尚,高档
Elegant.Prosper,服装,女装,潮流时尚,高档
ELLASSAY,服装,女装,潮流时尚,高档
ENEBY,服装,女装,运动休闲,中档
eni:d,服装,女装,成熟优雅,中档
EQ:IQ,服装,女装,潮流时尚,高档
ESPRIT,服装,女装,运动休闲,中档
EVE de UOMO,服装,男装,商务,高档
EVISU,服装,男装,运动休闲,高档
FA:GE,服装,女装,潮流时尚,中档
FERAUD,服装,女装,潮流时尚,奢侈
five plus,服装,女装,运动休闲,中档
"forever,new",服装,女装,潮流时尚,中档
FRAY I.D.LILYbrowm,服装,女装,潮流时尚,高档
FROGNIEZILA,服装,男装,商务,中档
Fufen,服装,女装,潮流时尚,高档
G.T.MAN,服装,男装,运动休闲,大众
G2000,服装,男装,商务,中档
G2000,服装,女装,商务,中档
gaga,服装,女装,潮流时尚,中档
GANT,服装,男装,成熟优雅,中档
GANT,服装,女装,成熟优雅,中档
GIORGIO ARMANI,服装,男装,潮流时尚,奢侈
Giorzio,服装,女装,潮流时尚,中档
Girl,服装,女装,潮流时尚,中档
girlline,服装,女装,潮流时尚,高档
good luck,服装,男装,商务,中档
GSTAR,服装,男装,运动休闲,高档
G-STAR RAW,服装,男装,运动休闲,高档
GUESS,服装,女装,潮流时尚,中档
GXG,服装,男装,商务,中档
H&M,服装,男装,潮流时尚,大众
H&M,服装,女装,潮流时尚,大众
HILFIGER DENIM,服装,男装,潮流时尚,中档
HONEYS,服装,女装,潮流时尚,中档
HOPESHOW,服装,女装,成熟优雅,中档
HUGO,服装,男装,成熟优雅,高档
hummel,服装,男装,运动休闲,中档
hummel,服装,女装,运动休闲,中档
i.s.o,服装,男装,运动休闲,中档
i.s.o,服装,女装,运动休闲,中档
i.t,服装,男装,潮流时尚,中档
i.t,服装,女装,潮流时尚,中档
ICB,服装,女装,潮流时尚,高档
ICICLE,服装,女装,潮流时尚,高档
IIMK,服装,女装,潮流时尚,中档
INDIVI,服装,女装,潮流时尚,中档
initial,服装,女装,潮流时尚,中档
insatin,服装,女装,潮流时尚,高档
INSUN,服装,女装,潮流时尚,高档
IZZUE,服装,男装,潮流时尚,高档
IZZUE,服装,女装,潮流时尚,高档
jack jones,服装,男装,运动休闲,高档
JAMES KINGDOM,服装,男装,商务,高档
JAVECE,服装,男装,商务,高档
JAVECE,服装,女装,商务,高档
JC,服装,女装,潮流时尚,中档
JEAN PAUL GAULTIER,服装,女装,潮流时尚,高档
JEEP,服装,男装,运动休闲,大众
JEEP,服装,女装,运动休闲,大众
JEFEN,服装,女装,潮流时尚,高档
jessica,服装,女装,潮流时尚,高档
Jessie,服装,女装,潮流时尚,高档
JOCKEY,服装,内衣配饰,成熟优雅,中档
Joeone,服装,男装,潮流时尚,中档
JORYA,服装,女装,潮流时尚,高档
julyfive,服装,女装,潮流时尚,中档
K.S.BERE,服装,女装,潮流时尚,中档
Kappa,服装,男装,运动休闲,大众
Kappa,服装,女装,运动休闲,大众
KENZO,服装,男装,运动休闲,高档
KENZO,服装,女装,运动休闲,高档
KITON,服装,男装,商务,奢侈
KLEINPLUS+,服装,女装,潮流时尚,中档
KOOKAI,服装,女装,潮流时尚,高档
KOREANO,服装,女装,潮流时尚,中档
La pargay,服装,女装,潮流时尚,中档
LACLOVER,服装,内衣配饰,潮流时尚,高档
Lacoste,服装,男装,运动休闲,高档
LAMIU,服装,女装,潮流时尚,大众
lancy 25,服装,女装,潮流时尚,高档
LANDI,服装,女装,成熟优雅,高档
LANYOUTY,服装,女装,成熟优雅,中档
LAVINIA,服装,女装,成熟优雅,中档
LEE,服装,男装,运动休闲,高档
LEE,服装,女装,运动休闲,高档
Less,服装,女装,成熟优雅,高档
lily,服装,女装,成熟优雅,中档
Lime flare,服装,女装,成熟优雅,高档
LONDEE,服装,女装,中式,高档
LORO PIANA,服装,女装,成熟优雅,奢侈
lotto,服装,男装,运动休闲,大众
lotto,服装,女装,运动休闲,大众
LRGERFELD,服装,男装,商务,高档
Marina Rinaldi,服装,女装,成熟优雅,高档
MARISA,服装,女装,成熟优雅,中档
maryling,服装,女装,成熟优雅,高档
Massimo dutti,服装,男装,潮流时尚,中档
Massimo dutti,服装,女装,潮流时尚,中档
Max&Co,服装,女装,成熟优雅,高档
MaxMara,服装,女装,成熟优雅,奢侈
meiermei,服装,女装,中式,中档
miamia,服装,女装,成熟优雅,高档
mikibana,服装,女装,潮流时尚,高档
milandon,服装,中老年,成熟优雅,中档
mind bridge,服装,女装,潮流时尚,中档
MISS SIXTY,服装,女装,潮流时尚,高档
missk,服装,男装,潮流时尚,中档
missk,服装,女装,潮流时尚,中档
MNG,服装,内衣配饰,潮流时尚,高档
moiselle,服装,女装,潮流时尚,高档
moreline,服装,女装,成熟优雅,高档
morgan,服装,女装,成熟优雅,高档
moschino,服装,男装,运动休闲,高档
moschino,服装,女装,运动休闲,高档
Moussy,服装,女装,潮流时尚,中档
mudd,服装,女装,潮流时尚,中档
NANCYK,服装,女装,潮流时尚,大众
nannar,服装,女装,成熟优雅,高档
NAUTICA,服装,男装,潮流时尚,中档
nochi,服装,女装,成熟优雅,中档
Notting Hill,服装,男装,商务,高档
ochirly,服装,女装,潮流时尚,中档
Ofuon,服装,女装,潮流时尚,中档
ONLY,服装,女装,潮流时尚,中档
OR,服装,男装,运动休闲,高档
OR,服装,女装,运动休闲,高档
PAUL&SHARK,服装,男装,商务,高档
pidebo,服装,男装,商务,高档
pink,服装,内衣配饰,潮流时尚,高档
PINKO,服装,女装,成熟优雅,高档
PLORY,服装,男装,潮流时尚,高档
ports,服装,男装,潮流时尚,高档
ports,服装,女装,潮流时尚,高档
PRICH,服装,女装,成熟优雅,高档
richini,服装,男装,潮流时尚,中档
rime,服装,内衣配饰,成熟优雅,中档
ROXY,服装,女装,成熟优雅,高档
RUPSAPSA,服装,女装,成熟优雅,高档
S.SVIVIAN,服装,女装,成熟优雅,中档
sanong,服装,女装,潮流时尚,高档
SCAT,服装,女装,潮流时尚,中档
Schiesser,服装,内衣配饰,成熟优雅,中档
SCOFIELD,服装,女装,成熟优雅,高档
SELECTED,服装,男装,商务,中档
show long,服装,女装,成熟优雅,高档
Sina Cova,服装,男装,潮流时尚,高档
Sina Cova,服装,女装,潮流时尚,高档
skirtqueen,服装,女装,成熟优雅,中档
sliaot,服装,男装,商务,高档
Snidel,服装,女装,潮流时尚,高档
SODA,服装,男装,潮流时尚,中档
SODA,服装,女装,潮流时尚,中档
STCO,服装,男装,运动休闲,中档
T100 KIDS,服装,儿童,潮流时尚,中档
TEENIE WEENIE,服装,女装,成熟优雅,中档
temme,服装,女装,成熟优雅,中档
The North Face,服装,男装,潮流时尚,高档
The North Face,服装,女装,潮流时尚,高档
THEME,服装,女装,成熟优雅,中档
THOMAS PINK,服装,男装,商务,中档
THOMAS PINK,服装,女装,商务,中档
TOMMY HILFIGER,服装,男装,潮流时尚,中档
TOMMY HILFIGER,服装,女装,潮流时尚,中档
TONI GARD,服装,男装,商务,中档
TONY  WEAR,服装,男装,商务,中档
Tony Jeans,服装,男装,运动休闲,中档
TOPMAN,服装,男装,运动休闲,中档
TOPSHOP,服装,女装,潮流时尚,中档
Trendiano,服装,男装,运动休闲,中档
Triumph,服装,内衣配饰,成熟优雅,中档
trucco,服装,女装,潮流时尚,高档
uniqlo,服装,男装,潮流时尚,大众
uniqlo,服装,女装,潮流时尚,大众
verdunton,服装,男装,运动休闲,中档
VERO MODA,服装,女装,潮流时尚,高档
VIVINIKO,服装,女装,潮流时尚,高档
WANKO,服装,女装,潮流时尚,中档
weekend workshop,服装,女装,潮流时尚,中档
ZARA,服装,男装,潮流时尚,中档
ZARA,服装,女装,潮流时尚,中档
ZUKKA,服装,女装,潮流时尚,中档
阿桑娜,服装,女装,潮流时尚,中档
埃迪玛,服装,内衣配饰,成熟优雅,中档
艾格周末,服装,女装,潮流时尚,中档
爱玲杰,服装,女装,运动休闲,大众
爱玲捷,服装,女装,运动休闲,大众
爱美丽,服装,内衣配饰,成熟优雅,大众
安贝儿,服装,儿童,运动休闲,大众
安莉芳,服装,内衣配饰,成熟优雅,大众
安普里奥·阿玛尼,服装,男装,潮流时尚,中档
安瑞井,服装,女装,潮流时尚,中档
奥索卡,服装,男装,运动休闲,中档
巴塔哥尼亚,服装,男装,运动休闲,高档
芭蒂娜,服装,女装,潮流时尚,中档
百盛鸟,服装,男装,运动休闲,中档
百丝,服装,女装,潮流时尚,中档
宝姿,服装,男装,潮流时尚,中档
宝姿,服装,女装,潮流时尚,中档
贝拉维拉,服装,女装,潮流时尚,中档
贝琪,服装,女装,潮流时尚,中档
奔趣,服装,内衣配饰,成熟优雅,大众
碧艾尔,服装,女装,潮流时尚,中档
碧高,服装,女装,潮流时尚,中档
伯爵莱利,服装,男装,成熟优雅,奢侈
翠贝卡,服装,女装,潮流时尚,中档
大嘴猴,服装,儿童,潮流时尚,中档
黛安芬,服装,内衣配饰,成熟优雅,中档
黛玛,服装,内衣配饰,成熟优雅,大众
丹弗瑞,服装,男装,运动休闲,中档
迪士尼,服装,男装,运动休闲,中档
迪士尼,服装,女装,运动休闲,中档
敦奴,服装,女装,潮流时尚,中档
菲迪雅丝,服装,女装,潮流时尚,中档
芬迪诗,服装,内衣配饰,成熟优雅,中档
粉红玛丽,服装,女装,潮流时尚,中档
粉蓝,服装,女装,潮流时尚,中档
佛莱德,服装,男装,成熟优雅,高档
富铤,服装,男装,潮流时尚,高档
富铤,服装,女装,潮流时尚,高档
哥伦比亚,服装,男装,运动休闲,高档
哥伦比亚,服装,女装,运动休闲,高档
歌德克依,服装,男装,潮流时尚,高档
歌德克依,服装,女装,潮流时尚,高档
歌力思,服装,女装,潮流时尚,奢侈
葛来娣,服装,女装,潮流时尚,高档
古今,服装,内衣配饰,成熟优雅,中档
古色,服装,女装,潮流时尚,高档
鬼洗,服装,男装,潮流时尚,中档
鬼洗,服装,女装,潮流时尚,中档
汉崇,服装,男装,潮流时尚,大众
华歇尔,服装,内衣配饰,成熟优雅,高档
欢腾,服装,男装,潮流时尚,大众
吉诺里兹,服装,男装,商务,高档
季候风,服装,女装,潮流时尚,高档
嘉莉诗,服装,内衣配饰,成熟优雅,大众
江南布衣,服装,女装,潮流时尚,中档
娇鼎,服装,女装,潮流时尚,中档
杰克琼斯,服装,男装,潮流时尚,中档
杰尼亚,服装,男装,商务,高档
九牧王,服装,男装,商务,中档
卡宾,服装,男装,潮流时尚,中档
卡丹迪诺,服装,男装,成熟优雅,中档
卡帝乐,服装,男装,成熟优雅,大众
卡尔丹顿,服装,男装,商务,中档
卡纷,服装,女装,潮流时尚,高档
卡帕,服装,男装,运动休闲,高档
卡帕,服装,女装,运动休闲,高档
可可尼,服装,女装,潮流时尚,高档
可姿伊,服装,女装,潮流时尚,中档
莱克斯顿,服装,男装,商务,大众
莱克斯顿,服装,女装,商务,大众
莱姿,服装,女装,潮流时尚,中档
兰毕安,服装,女装,潮流时尚,中档
朗姿,服装,女装,潮流时尚,中档
犁人坊,服装,女装,潮流时尚,中档
鹿王羊绒,服装,男装,运动休闲,大众
鹿王羊绒,服装,女装,运动休闲,大众
伦敦雾,服装,男装,成熟优雅,中档
罗马世家,服装,男装,成熟优雅,中档
罗茜奥,服装,男装,成熟优雅,中档
骆驼,服装,男装,成熟优雅,中档
妈妈,服装,中老年,成熟优雅,中档
马天奴,服装,女装,潮流时尚,中档
玛丝菲尔,服装,女装,潮流时尚,高档
玛亚诺,服装,男装,成熟优雅,中档
麦丝玛拉,服装,女装,潮流时尚,奢侈
曼黛玛莲,服装,内衣配饰,成熟优雅,中档
曼妮芬,服装,内衣配饰,成熟优雅,中档
曼娅奴,服装,女装,潮流时尚,中档
美雅高,服装,女装,潮流时尚,中档
媚丽一生,服装,女装,潮流时尚,中档
谜底,服装,女装,潮流时尚,中档
米皇,服装,女装,潮流时尚,高档
米茜尔,服装,女装,潮流时尚,中档
妙采,服装,中老年,成熟优雅,中档
木真了,服装,女装,中式,高档
纳巴罗,服装,男装,商务,高档
纳纹,服装,女装,潮流时尚,中档
娜尔思,服装,女装,潮流时尚,中档
耐尔蓝勋,服装,内衣配饰,成熟优雅,大众
诺梦,服装,女装,潮流时尚,中档
欧迪芬,服装,内衣配饰,成熟优雅,大众
欧时力,服装,女装,潮流时尚,中档
帕罗,服装,女装,潮流时尚,高档
皮皮狗,服装,女装,潮流时尚,中档
赛瑞娜,服装,女装,潮流时尚,中档
赛斯特,服装,女装,潮流时尚,中档
三彩,服装,女装,潮流时尚,中档
三枪,服装,内衣配饰,成熟优雅,中档
莎莲奴,服装,女装,潮流时尚,中档
生活几何,服装,男装,运动休闲,大众
生活几何,服装,女装,运动休闲,大众
声雨竹,服装,女装,潮流时尚,中档
圣大保罗,服装,男装,成熟优雅,高档
圣大保罗,服装,女装,成熟优雅,高档
圣吉卡丹,服装,男装,潮流时尚,中档
圣轩尼,服装,中老年,成熟优雅,中档
施雅袜业,服装,内衣配饰,运动休闲,大众
世王,服装,内衣配饰,运动休闲,大众
淑女屋,服装,女装,潮流时尚,大众
舒雅,服装,内衣配饰,运动休闲,中档
司歌,服装,女装,潮流时尚,大众
斯琴,服装,女装,运动休闲,中档
素然,服装,女装,运动休闲,中档
速写,服装,男装,潮流时尚,中档
台湾茗,服装,女装,运动休闲,中档
探路者,服装,男装,运动休闲,中档
探路者,服装,女装,运动休闲,中档
茵佳妮,服装,女装,运动休闲,大众
婷美,服装,内衣配饰,运动休闲,中档
威可多,服装,男装,潮流时尚,中档
唯尚,服装,女装,运动休闲,大众
希尔瑞,服装,女装,潮流时尚,高档
夏克露丝,服装,女装,潮流时尚,中档
夏娃的诱惑,服装,内衣配饰,运动休闲,中档
香云莎,服装,女装,潮流时尚,中档
秀蓓儿,服装,女装,潮流时尚,中档
秀怡,服装,女装,潮流时尚,中档
轩妮娅,服装,女装,潮流时尚,中档
雅迪斯,服装,女装,成熟优雅,高档
雅格尔,服装,男装,运动休闲,中档
雅格尔,服装,女装,运动休闲,中档
雅伊漫,服装,女装,潮流时尚,中档
伊华欧秀,服装,女装,潮流时尚,中档
伊可爱,服装,女装,潮流时尚,中档
伊丝芬,服装,内衣配饰,运动休闲,中档
衣本色,服装,男装,运动休闲,大众
衣本色,服装,女装,运动休闲,大众
依妙,服装,女装,潮流时尚,中档
宜而爽,服装,内衣配饰,成熟优雅,大众
懿菲,服装,女装,中式,高档
长腿叔叔,服装,儿童,运动休闲,大众
卓诺迪,服装,男装,商务,中档
宗洋,服装,女装,潮流时尚,中档
左右岁月,服装,女装,潮流时尚,中档
华尔街,教育,英语培训,/,/
山木培训,教育,课程培训,/,/
AUPRES,美妆,/,/,中档
Avène,美妆,/,/,中档
Biotherm,美妆,/,/,高档
BVLGARI,美妆,/,/,高档
Elina,美妆,/,/,中档
MAC,美妆,/,/,中档
MAKE,美妆,/,/,高档
OLAY,美妆,/,/,高档
orbis,美妆,/,/,中档
PBA,美妆,/,/,大众
VERSACE,美妆,/,/,中档
WAYSHERB,美妆,/,/,高档
YUE SAI,美妆,/,/,中档
爱手爱脚,美妆,/,/,大众
芭妮兰,美妆,/,/,中档
佰草集,美妆,/,/,中档
泊美,美妆,/,/,中档
大卫杜夫,美妆,/,/,中档
高夫,美妆,/,/,中档
娇韵诗,美妆,/,/,高档
科丽妍,美妆,/,/,高档
兰芝,美妆,/,/,中档
美宝莲,美妆,/,/,大众
梦妆,美妆,/,/,大众
欧莱雅,美妆,/,/,大众
欧珀莱,美妆,/,/,中档
欧舒丹,美妆,/,/,中档
珀萊雅,美妆,/,/,中档
契尔氏,美妆,/,/,高档
瑞贝卡,美妆,/,/,高档
水芝澳,美妆,/,/,中档
丝芙兰,美妆,/,/,中档
思妍丽,美妆,/,/,中档
薇姿,美妆,/,/,中档
雅诗·兰黛,美妆,/,/,高档
雅漾,美妆,/,/,中档
妍丽,美妆,/,/,中档
英格蜜儿,美妆,/,/,高档
玉兰油,美妆,/,/,中档
茱莉蔻,美妆,/,/,中档
资生堂,美妆,/,/,大众
自然堂,美妆,/,/,大众
自然元素,美妆,/,/,大众
自然之宝,美妆,/,/,大众
DUNLOP,瘦身纤体,/,/,/
TWG,瘦身纤体,/,/,/
八马茶业,瘦身纤体,/,/,/
必瘦站,瘦身纤体,/,/,/
碱纤体,瘦身纤体,/,/,/
力美健,瘦身纤体,/,/,/
丽妍雅集,瘦身纤体,/,/,/
俪美快巴,瘦身纤体,/,/,/
奈瑞儿,瘦身纤体,/,/,/
颐尊,瘦身纤体,/,/,/
爱马仕,箱包,/,/,奢侈
箱子,箱包,/,/,大众
CHANEL,箱包,/,/,奢侈
COACH,箱包,/,/,奢侈
Gucci,箱包,/,/,奢侈
LV,箱包,/,/,奢侈
CEE’II  BETU法文箱子,箱包,/,/,高档
老人头,箱包,/,/,大众
金狐狸,箱包,/,/,大众
Allaire,箱包,/,/,高档
aquascuturm,箱包,/,/,高档
as know as,箱包,/,/,中档
Balenciaga,箱包,/,/,奢侈
Bally,箱包,/,/,奢侈
Bottega Veneta,箱包,/,/,高档
CHARRIOL,箱包,/,/,中档
COCCINELLE,箱包,/,/,高档
DKNY JEANS,箱包,/,/,高档
FENDI,箱包,/,/,高档
Givenchy,箱包,/,/,奢侈
HERMES,箱包,/,/,奢侈
kate spade,箱包,/,/,高档
kipling,箱包,/,/,中档
MARC BY MARC JACOBS,箱包,/,/,高档
Mcm,箱包,/,/,高档
Salad,箱包,/,/,中档
TOUGH,箱包,/,/,中档
UGG Australia,箱包,/,/,高档
芭迪,箱包,/,/,中档
迪桑娜,箱包,/,/,中档
古奇,箱包,/,/,高档
珂洛艾伊,箱包,/,/,奢侈
蔻驰,箱包,/,/,高档
莉琨,箱包,/,/,中档
路易威登,箱包,/,/,奢侈
罗意威,箱包,/,/,高档
梦特娇,箱包,/,/,大众
新秀丽,箱包,/,/,中档
she’s,箱包,/,/,中档
爱步,鞋帽,男鞋,休闲,中档
百丽,鞋帽,女鞋,休闲,大众
达芙妮,鞋帽,女鞋,休闲,大众
暇步士,鞋帽,男鞋,商务,中档
金利来,鞋帽,配饰,商务,中档
天美意,鞋帽,女鞋,休闲,中档
莱尔斯丹,鞋帽,女鞋,商务,中档
他她,鞋帽,女鞋,休闲,中档
奥卡索,鞋帽,女鞋,休闲,中档
FED,鞋帽,女鞋,休闲,高档
百思图,鞋帽,女鞋,休闲,中档
接吻猫,鞋帽,女鞋,休闲,中档
星期六,鞋帽,女鞋,休闲,大众
沙驰,鞋帽,女鞋,休闲,中档
好人缘,鞋帽,女鞋,休闲,大众
鳄鱼恤,鞋帽,女鞋,休闲,大众
萨瑞儿,鞋帽,女鞋,休闲,中档
Bata,鞋帽,女鞋,休闲,中档
索菲娅,鞋帽,女鞋,休闲,中档
cele,鞋帽,女鞋,休闲,中档
鳄鱼,鞋帽,男鞋,青少年,大众
艾迪米斯,鞋帽,女鞋,休闲,中档
贵之步,鞋帽,女鞋,休闲,中档
卡弗尔,鞋帽,女鞋,休闲,中档
富贵鸟,鞋帽,男鞋,青少年,大众
万利威德,鞋帽,女鞋,商务,大众
卡丹露,鞋帽,男鞋,休闲,大众
美国骆驼,鞋帽,男鞋,休闲,大众
登好行,鞋帽,男鞋,休闲,大众
红蜻蜓,鞋帽,男鞋,商务,大众
金盾,鞋帽,男鞋,商务,中档
花花公子,鞋帽,男鞋,青少年,大众
米连诺,鞋帽,女鞋,休闲,中档
森达,鞋帽,女鞋,休闲,大众
阿迪达斯,鞋帽,男鞋,运动,中档
安踏,鞋帽,男鞋,运动,大众
李宁,鞋帽,男鞋,运动,大众
芭迪女鞋,鞋帽,女鞋,休闲,大众
步步高,鞋帽,男鞋,商务,大众
A.TESTONI,鞋帽,女鞋,潮流,高档
Allen Edmonds,鞋帽,配饰,商务,奢侈
AS,鞋帽,女鞋,商务,中档
C.P.U,鞋帽,女鞋,潮流,高档
CAT,鞋帽,男鞋,潮流,中档
CNE,鞋帽,女鞋,潮流,中档
couber.g,鞋帽,男鞋,商务,中档
crocs,鞋帽,男鞋,休闲,高档
d:fuse,鞋帽,女鞋,商务,中档
easyspirit,鞋帽,女鞋,休闲,中档
ECCO,鞋帽,男鞋,商务,中档
Fornafina,鞋帽,男鞋,户外,中档
Geox,鞋帽,男鞋,休闲,高档
hongkee,鞋帽,女鞋,商务,高档
IGER,鞋帽,女鞋,潮流,高档
Jimmy,鞋帽,女鞋,休闲,奢侈
JOY&PEACE,鞋帽,女鞋,潮流,中档
KEEN,鞋帽,男鞋,户外,高档
KISS CAT,鞋帽,女鞋,休闲,中档
knoway,鞋帽,男鞋,户外,高档
KUUKI,鞋帽,女鞋,休闲,中档
MILLIES,鞋帽,女鞋,休闲,中档
MIRNBELL,鞋帽,男鞋,潮流,中档
Mizuno,鞋帽,男鞋,运动,中档
MLB,鞋帽,配饰,潮流,高档
Naturalizer,鞋帽,女鞋,休闲,中档
NBA,鞋帽,男鞋,运动,中档
NIKE 360°,鞋帽,男鞋,运动,中档
NINE WEST,鞋帽,男鞋,运动,中档
onitsukatiger,鞋帽,男鞋,运动,中档
Palladium,鞋帽,男鞋,休闲,中档
PONY,鞋帽,女鞋,休闲,中档
PRECIS,鞋帽,女鞋,休闲,中档
Puma,鞋帽,男鞋,运动,中档
SHEME,鞋帽,女鞋,休闲,中档
STACCATO,鞋帽,女鞋,休闲,高档
STELLA LUNA,鞋帽,女鞋,休闲,高档
STEVE MADDEN,鞋帽,女鞋,休闲,中档
teenmix,鞋帽,女鞋,休闲,中档
tibao aucheho,鞋帽,男鞋,商务,中档
timberland,鞋帽,男鞋,休闲,高档
TODS,鞋帽,男鞋,休闲,高档
TOP,鞋帽,女鞋,休闲,中档
VALENTINO,鞋帽,女鞋,休闲,高档
vans,鞋帽,男鞋,休闲,中档
Waffle,鞋帽,男鞋,休闲,中档
What for,鞋帽,女鞋,休闲,高档
WOO,鞋帽,配饰,商务,中档
zsazsazsu,鞋帽,女鞋,休闲,高档
爱柔仕,鞋帽,女鞋,休闲,大众
安玛莉,鞋帽,女鞋,休闲,大众
芭芬,鞋帽,女鞋,休闲,中档
拔佳,鞋帽,女鞋,休闲,中档
百佳,鞋帽,女鞋,休闲,中档
彪马,鞋帽,男鞋,运动,中档
宾度,鞋帽,男鞋,休闲,高档
策乐,鞋帽,男鞋,休闲,中档
哈森,鞋帽,男鞋,休闲,中档
哈瓦那,鞋帽,男鞋,休闲,中档
红科,鞋帽,女鞋,休闲,中档
江博士健康鞋,鞋帽,童鞋,休闲,中档
金利来皮鞋,鞋帽,男鞋,休闲,中档
玖熙,鞋帽,女鞋,休闲,高档
卡迪娜,鞋帽,女鞋,休闲,中档
卡弗儿,鞋帽,女鞋,休闲,中档
卡威奴,鞋帽,女鞋,休闲,中档
康莉,鞋帽,女鞋,休闲,中档
康威,鞋帽,男鞋,休闲,中档
柯兰诺,鞋帽,女鞋,休闲,高档
匡威,鞋帽,男鞋,休闲,中档
莱思丽,鞋帽,女鞋,休闲,中档
美丽宝,鞋帽,男鞋,商务,中档
米莲诺,鞋帽,女鞋,休闲,中档
妙丽,鞋帽,女鞋,休闲,中档
七月恋人,鞋帽,女鞋,休闲,中档
其乐,鞋帽,男鞋,休闲,中档
千百度,鞋帽,女鞋,休闲,中档
秋水伊人,鞋帽,女鞋,休闲,大众
锐步,鞋帽,男鞋,休闲,中档
圣琪儿,鞋帽,女鞋,休闲,中档
思加图,鞋帽,女鞋,休闲,中档
思姆,鞋帽,男鞋,休闲,中档
斯凯奇,鞋帽,男鞋,休闲,中档
四季风,鞋帽,女鞋,休闲,大众
真美诗,鞋帽,女鞋,潮流,中档
HOTTO水生活馆,娱乐,其他,/,/
城市英雄电玩俱乐部,娱乐,电玩城,/,/
飞扬影院,娱乐,电影院,/,/
南国影城,娱乐,电影院,/,/
上影国际影城,娱乐,电影院,/,/
B&W,娱乐,其他,/,/
BOSE音响,娱乐,其他,/,/
CLASSIC,娱乐,其他,/,/
JBL,娱乐,其他,/,/
同乐童乐城,娱乐,电玩城,/,/
丸来玩趣,娱乐,电玩城,/,/
周大福,珠宝首饰,婚戒,/,高档
LOVE&LOVE,珠宝首饰,钻石,/,高档
雅天妮,珠宝首饰,钻石,/,高档
Swarovski,珠宝首饰,婚戒,/,奢侈
Fred,珠宝首饰,钻石,/,高档
英皇珠宝,珠宝首饰,婚戒,/,高档
谢瑞麟,珠宝首饰,钻石,/,高档
QEELIN,珠宝首饰,钻石,/,高档
pilgrim,珠宝首饰,钻石,/,高档
enzo,珠宝首饰,钻石,/,高档
Gemini韩国饰品店,珠宝首饰,钻石,/,高档
凯妮伊泰莲娜饰品店,珠宝首饰,钻石,/,高档
劳力士,珠宝首饰,手表,/,奢侈
六福珠宝,珠宝首饰,婚戒,/,高档
美度手表,珠宝首饰,手表,/,高档
周生生,珠宝首饰,婚戒,/,高档
凡高高级珠宝,珠宝首饰,钻石,/,高档
顶好坊,珠宝首饰,钻石,/,高档
accessorize,珠宝首饰,金银,潮流时尚,高档
AGATHA,珠宝首饰,金银,/,高档
anubis,珠宝首饰,玉石,/,高档
Baume&Mercier,珠宝首饰,手表,/,高档
CARTIER,珠宝首饰,手表,/,奢侈
CASIO,珠宝首饰,手表,/,高档
CENTURY,珠宝首饰,手表,/,奢侈
CERRUTI 1881,珠宝首饰,手表,/,奢侈
CHECHE,珠宝首饰,手表,/,高档
citizen,珠宝首饰,手表,/,高档
CK,珠宝首饰,手表,/,高档
DELACOUR,珠宝首饰,手表,/,高档
F.P.JOURNE,珠宝首饰,手表,/,奢侈
IDO,珠宝首饰,婚戒,/,奢侈
JAEGER-LECOULTRE,珠宝首饰,手表,/,奢侈
KONPLOTT,珠宝首饰,玉石,/,高档
LONGINES,珠宝首饰,手表,/,奢侈
ninoriva,珠宝首饰,手表,/,高档
NOCTURNE,珠宝首饰,金银,/,高档
OMEGA,珠宝首饰,手表,/,奢侈
PH7,珠宝首饰,金银,/,高档
ROLEX,珠宝首饰,手表,/,奢侈
SWATCH,珠宝首饰,手表,/,高档
TISSOT,珠宝首饰,手表,/,高档
阿茉兰蒂,珠宝首饰,金银,/,高档
绰美,珠宝首饰,手表,/,奢侈
潮宏基,珠宝首饰,金银,/,高档
戴梦得,珠宝首饰,钻石,/,高档
福人得,珠宝首饰,玉石,/,高档
汉米尔顿,珠宝首饰,手表,/,高档
和玉缘,珠宝首饰,玉石,/,高档
亨联达钟表,珠宝首饰,手表,/,高档
精工,珠宝首饰,手表,/,高档
卡尼亚,珠宝首饰,金银,/,高档
浪琴表,珠宝首饰,手表,/,高档
劳斯顿,珠宝首饰,手表,/,奢侈
雷达表,珠宝首饰,手表,/,高档
珑镶,珠宝首饰,钻石,/,高档
曼古银,珠宝首饰,金银,/,高档
美度,珠宝首饰,手表,/,高档
蒙丹娜水晶饰品,珠宝首饰,金银,/,高档
明牌首饰,珠宝首饰,金银,/,高档
欧罗普,珠宝首饰,金银,/,高档
千禧之星,珠宝首饰,金银,/,高档
施华洛世奇,珠宝首饰,金银,/,奢侈
时间廊,珠宝首饰,手表,/,高档
天美钻,珠宝首饰,钻石,/,高档
天梭表,珠宝首饰,手表,/,高档
西铁城,珠宝首饰,手表,/,高档
玉隆轩,珠宝首饰,玉石,/,高档
镇金店,珠宝首饰,金银,/,高档
